valid_time,solar_radiation,boundary_layer_height
2019-01-01,135.33174,143.09856
2019-01-02,133.70912,136.26231
2019-01-03,135.9514,240.07968
2019-01-04,128.81148,152.73969
2019-01-05,134.66133,257.30548
2019-01-06,117.33368,200.55927
2019-01-07,137.8448,212.90425
2019-01-08,132.27681,258.1032
2019-01-09,141.93831,258.84375
2019-01-10,144.12672,161.89012
2019-01-11,138.77318,191.50221
2019-01-12,116.138145,204.26584
2019-01-13,137.56902,299.05063
2019-01-14,151.61247,410.19183
2019-01-15,146.09048,232.09325
2019-01-16,131.0009,134.78363
2019-01-17,149.14944,172.93613
2019-01-18,150.65395,140.56073
2019-01-19,148.71095,124.580284
2019-01-20,137.62033,104.26253
2019-01-21,113.27343,395.00775
2019-01-22,90.00342,269.95462
2019-01-23,103.50895,180.62723
2019-01-24,138.97269,298.94348
2019-01-25,133.15187,237.25148
2019-01-26,158.83891,316.5835
2019-01-27,154.20601,347.64563
2019-01-28,164.43182,386.98627
2019-01-29,165.22858,211.95535
2019-01-30,148.03561,153.81296
2019-01-31,148.30115,317.6629
2019-02-01,136.47527,235.02844
2019-02-02,163.43642,244.80998
2019-02-03,166.3895,203.78188
2019-02-04,167.53607,143.34236
2019-02-05,134.02025,166.94836
2019-02-06,132.46526,356.3277
2019-02-07,102.4433,512.635
2019-02-08,160.86072,361.33478
2019-02-09,177.58769,300.40094
2019-02-10,139.94193,202.37521
2019-02-11,151.33113,182.43773
2019-02-12,160.99583,166.22658
2019-02-13,156.8768,171.43518
2019-02-14,65.91645,417.1501
2019-02-15,98.528595,328.25653
2019-02-16,146.92938,341.64697
2019-02-17,180.62735,379.96744
2019-02-18,128.22913,232.11089
2019-02-19,173.66763,190.61646
2019-02-20,71.446785,262.28745
2019-02-21,168.90788,275.54108
2019-02-22,178.17444,577.1588
2019-02-23,188.61865,399.4523
2019-02-24,188.85146,264.02353
2019-02-25,151.01756,238.98254
2019-02-26,167.6082,353.29453
2019-02-27,163.66734,474.9404
2019-02-28,202.29207,573.86255
2019-03-01,203.5633,280.2817
2019-03-02,77.763,280.22726
2019-03-03,143.12262,386.09753
2019-03-04,170.37479,425.16406
2019-03-05,202.27933,543.3197
2019-03-06,211.85255,539.6169
2019-03-07,212.67554,352.97745
2019-03-08,199.1842,357.89
2019-03-09,201.77391,512.6224
2019-03-10,220.407,482.00894
2019-03-11,164.27095,432.43643
2019-03-12,190.94469,575.41815
2019-03-13,130.79349,274.17355
2019-03-14,161.73767,365.16998
2019-03-15,224.27016,572.924
2019-03-16,221.66597,427.39832
2019-03-17,224.60963,521.54706
2019-03-18,214.30682,446.62756
2019-03-19,222.43875,431.99643
2019-03-20,200.57503,379.77927
2019-03-21,213.8627,412.8996
2019-03-22,233.51996,813.42737
2019-03-23,233.43909,649.1565
2019-03-24,212.4682,552.96436
2019-03-25,157.79024,437.78348
2019-03-26,233.84511,778.59644
2019-03-27,221.0026,629.7297
2019-03-28,227.54855,432.39526
2019-03-29,215.92879,354.41467
2019-03-30,218.0568,340.06528
2019-03-31,239.6975,692.6385
2019-04-01,245.2167,638.4239
2019-04-02,244.20346,512.90515
2019-04-03,240.30919,502.449
2019-04-04,238.63545,412.09946
2019-04-05,213.58087,327.83063
2019-04-06,208.97528,317.29306
2019-04-07,206.94125,476.4411
2019-04-08,231.79736,448.9206
2019-04-09,236.98766,531.189
2019-04-10,206.56123,326.62518
2019-04-11,225.1315,368.83215
2019-04-12,228.03613,485.85583
2019-04-13,224.73549,654.4614
2019-04-14,231.24898,700.5317
2019-04-15,223.58028,698.68066
2019-04-16,169.87546,638.89026
2019-04-17,127.322685,606.1427
2019-04-18,216.92268,658.2726
2019-04-19,222.16599,934.0111
2019-04-20,239.21362,1045.899
2019-04-21,241.27504,956.95074
2019-04-22,242.16449,1119.0404
2019-04-23,244.82793,565.58606
2019-04-24,233.53467,485.23273
2019-04-25,232.72447,728.2171
2019-04-26,230.88383,1344.8077
2019-04-27,257.6996,1307.7451
2019-04-28,260.64786,1402.3807
2019-04-29,252.04938,1026.5276
2019-04-30,251.9774,975.5677
2019-05-01,255.2952,977.5281
2019-05-02,204.83182,641.7497
2019-05-03,225.67543,920.6123
2019-05-04,260.4348,1591.672
2019-05-05,263.19574,1667.0593
2019-05-06,262.8,1569.6835
2019-05-07,259.76724,1047.8057
2019-05-08,260.4967,1111.5552
2019-05-09,260.27426,1402.5819
2019-05-10,254.8466,1050.9297
2019-05-11,225.55498,1061.3939
2019-05-12,245.9047,1174.0251
2019-05-13,233.59247,904.5001
2019-05-14,224.80927,979.5072
2019-05-15,247.70334,568.0215
2019-05-16,242.68803,1028.8151
2019-05-17,179.16226,757.44824
2019-05-18,228.27396,938.4295
2019-05-19,256.84906,1241.8372
2019-05-20,245.40765,1064.3484
2019-05-21,226.35663,1139.4283
2019-05-22,224.31764,830.3491
2019-05-23,218.82735,800.46686
2019-05-24,235.11841,557.38184
2019-05-25,247.33281,1275.2206
2019-05-26,259.99255,977.8909
2019-05-27,255.81125,1470.2881
2019-05-28,264.77905,1250.4417
2019-05-29,257.29614,1431.1072
2019-05-30,255.81384,1080.3798
2019-05-31,254.3791,951.4565
2019-06-01,244.74866,511.8691
2019-06-02,243.04915,794.01874
2019-06-03,238.04094,801.81445
2019-06-04,233.25758,626.0321
2019-06-05,220.89442,570.31696
2019-06-06,238.24188,583.75555
2019-06-07,241.98068,905.847
2019-06-08,249.08228,1104.4601
2019-06-09,257.4095,714.4816
2019-06-10,253.23892,850.8269
2019-06-11,239.95045,551.7229
2019-06-12,195.46701,669.8915
2019-06-13,240.34413,1013.90076
2019-06-14,251.91344,1226.9797
2019-06-15,244.08934,1436.2817
2019-06-16,212.89133,1068.5494
2019-06-17,225.3525,871.82227
2019-06-18,209.19011,683.077
2019-06-19,230.86337,778.6449
2019-06-20,240.4301,933.6238
2019-06-21,210.46935,887.7792
2019-06-22,244.79501,1312.8359
2019-06-23,229.85602,1064.1123
2019-06-24,216.45618,815.639
2019-06-25,210.12244,773.00885
2019-06-26,234.50003,1082.9299
2019-06-27,234.82733,1157.7734
2019-06-28,225.36337,1209.1699
2019-06-29,204.18651,1286.4406
2019-06-30,220.55875,1081.5647
2019-07-01,221.91096,909.33673
2019-07-02,221.14375,1034.745
2019-07-03,204.85283,901.3792
2019-07-04,168.30937,530.6201
2019-07-05,152.40196,455.79828
2019-07-06,162.87047,529.4261
2019-07-07,214.07243,548.75464
2019-07-08,220.16191,717.4332
2019-07-09,157.5186,457.75763
2019-07-10,185.18356,641.4191
2019-07-11,213.93143,926.72687
2019-07-12,207.29701,952.27466
2019-07-13,224.55244,1181.7385
2019-07-14,210.85524,1053.1473
2019-07-15,165.59698,724.3962
2019-07-16,91.36698,430.25055
2019-07-17,154.63358,381.35522
2019-07-18,185.45056,365.0102
2019-07-19,191.48714,553.6373
2019-07-20,176.4059,484.9457
2019-07-21,101.510086,500.12836
2019-07-22,166.08385,441.3857
2019-07-23,164.06682,557.7414
2019-07-24,178.87424,363.3025
2019-07-25,61.168285,366.36945
2019-07-26,74.18445,330.69067
2019-07-27,129.71916,543.64514
2019-07-28,134.22636,684.7025
2019-07-29,196.7715,662.36383
2019-07-30,134.88063,562.65564
2019-07-31,75.25918,502.81393
2019-08-01,117.07119,462.65918
2019-08-02,106.21262,425.5661
2019-08-03,102.330826,343.27646
2019-08-04,109.9526,294.05322
2019-08-05,150.88535,367.51376
2019-08-06,131.21057,308.4215
2019-08-07,134.53003,350.89853
2019-08-08,171.41023,508.3382
2019-08-09,151.13496,1058.1073
2019-08-10,171.03719,713.16833
2019-08-11,175.16234,505.89252
2019-08-12,176.33592,418.53888
2019-08-13,153.82619,368.89194
2019-08-14,103.1059,312.84943
2019-08-15,150.24525,675.8939
2019-08-16,146.90729,784.7135
2019-08-17,56.348053,565.74805
2019-08-18,64.9228,408.8492
2019-08-19,141.08667,347.14865
2019-08-20,187.4626,530.65594
2019-08-21,219.30107,497.68832
2019-08-22,195.73726,367.18445
2019-08-23,184.22015,350.58975
2019-08-24,162.63838,377.52002
2019-08-25,66.922424,402.966
2019-08-26,168.38208,438.72223
2019-08-27,185.65698,417.39056
2019-08-28,203.70212,483.54837
2019-08-29,179.27654,489.392
2019-08-30,190.59093,393.55817
2019-08-31,194.93181,445.98633
2019-09-01,131.0138,377.5037
2019-09-02,172.36679,366.65985
2019-09-03,167.8841,416.43274
2019-09-04,121.33034,375.69727
2019-09-05,170.60416,453.47437
2019-09-06,171.80489,477.00534
2019-09-07,135.82301,412.05423
2019-09-08,176.8719,417.95288
2019-09-09,170.2148,421.81622
2019-09-10,199.19998,377.08957
2019-09-11,194.45285,323.67627
2019-09-12,119.15266,520.7478
2019-09-13,167.6811,501.3845
2019-09-14,131.23712,570.5315
2019-09-15,132.47176,349.21118
2019-09-16,180.04037,354.53854
2019-09-17,128.36958,270.6103
2019-09-18,145.47455,516.3395
2019-09-19,149.03917,505.98404
2019-09-20,165.38441,410.4925
2019-09-21,149.43086,260.4657
2019-09-22,137.84842,326.41083
2019-09-23,139.70885,392.22537
2019-09-24,161.21523,475.4504
2019-09-25,155.33264,516.69794
2019-09-26,153.48221,679.86804
2019-09-27,111.10194,681.90674
2019-09-28,129.0279,606.698
2019-09-29,54.218517,389.05328
2019-09-30,121.33646,387.08423
2019-10-01,114.8638,330.63086
2019-10-02,148.02637,357.95932
2019-10-03,176.45837,204.75293
2019-10-04,169.15717,364.50037
2019-10-05,180.78743,304.19986
2019-10-06,183.79019,300.31982
2019-10-07,176.30516,372.64142
2019-10-08,180.4534,347.43137
2019-10-09,163.73895,377.06754
2019-10-10,174.83258,422.9014
2019-10-11,177.67506,377.33673
2019-10-12,172.9265,391.18268
2019-10-13,172.2683,466.35602
2019-10-14,171.98,377.57025
2019-10-15,168.03958,365.9183
2019-10-16,168.21355,378.902
2019-10-17,156.80559,445.20087
2019-10-18,162.2156,402.80103
2019-10-19,161.53242,203.61803
2019-10-20,173.5528,361.86108
2019-10-21,171.20552,353.77933
2019-10-22,170.97615,424.1011
2019-10-23,168.97998,388.2973
2019-10-24,163.61568,325.48495
2019-10-25,160.70605,367.80032
2019-10-26,159.65416,384.86383
2019-10-27,163.73978,377.61395
2019-10-28,157.59613,327.0747
2019-10-29,120.58919,332.9198
2019-10-30,130.8394,344.15482
2019-10-31,154.79446,291.46063
2019-11-01,149.43398,254.20901
2019-11-02,137.03271,338.47556
2019-11-03,140.16658,396.2142
2019-11-04,152.76035,420.46487
2019-11-05,154.4025,440.8078
2019-11-06,149.50522,437.77417
2019-11-07,86.94048,289.8723
2019-11-08,128.91194,241.82907
2019-11-09,149.02507,246.58777
2019-11-10,148.13583,238.43593
2019-11-11,141.78487,244.51176
2019-11-12,148.67027,191.42932
2019-11-13,130.66551,170.62915
2019-11-14,126.71048,181.82997
2019-11-15,127.78658,236.35335
2019-11-16,141.10431,490.93707
2019-11-17,143.03189,465.9914
2019-11-18,143.80824,359.04785
2019-11-19,142.0914,319.1065
2019-11-20,139.70032,263.62335
2019-11-21,137.29587,277.20773
2019-11-22,135.52116,261.7397
2019-11-23,109.11757,234.29594
2019-11-24,115.86847,225.86789
2019-11-25,132.26915,215.54718
2019-11-26,111.592064,228.63762
2019-11-27,111.96276,230.64449
2019-11-28,88.6658,369.20242
2019-11-29,91.33693,244.05186
2019-11-30,130.3135,325.0955
2019-12-01,135.70625,293.99408
2019-12-02,135.8873,280.9318
2019-12-03,137.04506,201.70538
2019-12-04,134.77245,141.45181
2019-12-05,125.514465,183.65305
2019-12-06,106.99269,158.2566
2019-12-07,131.32413,172.92049
2019-12-08,130.21956,229.30807
2019-12-09,131.637,198.90942
2019-12-10,131.34026,171.66063
2019-12-11,114.03354,193.91832
2019-12-12,88.30259,535.6109
2019-12-13,65.79591,280.521
2019-12-14,76.86075,245.92896
2019-12-15,122.01532,341.01877
2019-12-16,127.03274,308.9324
2019-12-17,130.97227,231.1729
2019-12-18,128.79927,201.75653
2019-12-19,120.72786,173.42265
2019-12-20,127.05179,155.27504
2019-12-21,78.46,148.31721
2019-12-22,131.86743,208.9241
2019-12-23,133.04243,163.66916
2019-12-24,83.48752,117.90544
2019-12-25,134.01016,169.58444
2019-12-26,128.48868,225.4497
2019-12-27,119.968315,132.51398
2019-12-28,91.930504,127.50536
2019-12-29,87.55318,95.66067
2019-12-30,80.99845,139.27847
2019-12-31,95.55774,128.46841
2020-01-01,127.04343,116.90172
2020-01-02,121.30344,198.45258
2020-01-03,128.25766,150.15157
2020-01-04,130.71556,184.72052
2020-01-05,131.57649,219.76366
2020-01-06,78.71494,163.42584
2020-01-07,117.514725,219.09517
2020-01-08,54.3051,366.05923
2020-01-09,143.26262,303.80338
2020-01-10,144.615,227.9497
2020-01-11,101.208595,157.61021
2020-01-12,140.58101,111.931885
2020-01-13,115.242386,171.97806
2020-01-14,109.29135,241.37689
2020-01-15,140.44704,169.79318
2020-01-16,87.40544,204.12985
2020-01-17,112.233574,187.94121
2020-01-18,99.371605,155.61525
2020-01-19,139.68864,203.7003
2020-01-20,130.73338,186.51944
2020-01-21,140.94345,154.78346
2020-01-22,150.00455,304.78036
2020-01-23,157.42815,452.75262
2020-01-24,158.62712,310.5865
2020-01-25,155.52042,151.5466
2020-01-26,153.2422,177.69864
2020-01-27,103.94496,177.19307
2020-01-28,106.30033,355.22406
2020-01-29,113.23011,204.08754
2020-01-30,159.77292,338.40265
2020-01-31,161.58093,262.31226
2020-02-01,161.61201,272.06744
2020-02-02,167.33592,271.7306
2020-02-03,169.2786,219.20528
2020-02-04,166.14531,198.1932
2020-02-05,166.98732,301.27823
2020-02-06,171.90892,292.4246
2020-02-07,166.62843,340.99295
2020-02-08,173.88231,253.31558
2020-02-09,176.07397,223.8428
2020-02-10,178.42809,258.24295
2020-02-11,178.7071,234.20564
2020-02-12,175.51051,319.39218
2020-02-13,176.41739,397.40506
2020-02-14,184.12953,648.2873
2020-02-15,187.65247,330.62177
2020-02-16,188.28044,191.70514
2020-02-17,188.9641,231.36647
2020-02-18,192.22594,234.28458
2020-02-19,163.4315,321.9237
2020-02-20,175.91962,574.5642
2020-02-21,65.58366,501.56525
2020-02-22,143.12167,329.0002
2020-02-23,177.3094,296.68704
2020-02-24,182.26566,289.39536
2020-02-25,189.79399,288.4395
2020-02-26,189.91167,316.22827
2020-02-27,180.51674,249.9541
2020-02-28,144.34428,504.06653
2020-02-29,77.37823,396.36194
2020-03-01,166.14183,296.80533
2020-03-02,193.59824,347.88882
2020-03-03,202.01189,371.18643
2020-03-04,163.40207,366.65045
2020-03-05,164.56511,411.26987
2020-03-06,81.2987,549.06805
2020-03-07,150.353,446.8327
2020-03-08,210.38017,402.2317
2020-03-09,220.7038,428.55972
2020-03-10,209.97719,253.48627
2020-03-11,155.23636,558.25415
2020-03-12,202.97408,368.46545
2020-03-13,203.04903,304.84784
2020-03-14,139.77534,334.7447
2020-03-15,203.76958,453.8302
2020-03-16,212.21303,438.15582
2020-03-17,226.3374,368.92517
2020-03-18,221.00055,343.77228
2020-03-19,204.5401,253.76143
2020-03-20,198.47563,198.87685
2020-03-21,219.48486,335.17773
2020-03-22,225.17715,388.2194
2020-03-23,218.1185,334.8063
2020-03-24,176.9274,293.94223
2020-03-25,210.0573,447.96146
2020-03-26,118.47006,435.272
2020-03-27,126.745,447.512
2020-03-28,232.50143,502.2237
2020-03-29,234.72404,627.013
2020-03-30,238.37184,532.9236
2020-03-31,208.0255,342.86212
2020-04-01,220.7871,385.61914
2020-04-02,238.77893,728.2174
2020-04-03,246.70406,602.1353
2020-04-04,243.67331,480.23865
2020-04-05,233.4318,323.11343
2020-04-06,230.57281,467.32928
2020-04-07,226.23892,436.3697
2020-04-08,242.34259,576.27875
2020-04-09,245.84406,628.5261
2020-04-10,221.76779,310.42935
2020-04-11,242.81879,503.824
2020-04-12,242.51091,625.63116
2020-04-13,232.2849,733.87695
2020-04-14,202.262,372.0991
2020-04-15,215.7327,286.05405
2020-04-16,236.33453,688.3338
2020-04-17,161.44722,608.5498
2020-04-18,224.11014,504.62158
2020-04-19,221.83238,1130.4762
2020-04-20,235.82071,647.8023
2020-04-21,232.26047,1112.0017
2020-04-22,246.94446,1178.2832
2020-04-23,187.40112,631.73474
2020-04-24,243.26187,759.3146
2020-04-25,189.86899,615.74756
2020-04-26,215.48808,678.68695
2020-04-27,193.86708,678.62463
2020-04-28,207.6501,481.1317
2020-04-29,232.6579,760.6407
2020-04-30,230.99629,470.74557
2020-05-01,236.06932,608.57544
2020-05-02,230.57382,683.89124
2020-05-03,188.0593,725.4198
2020-05-04,222.17842,791.64703
2020-05-05,234.63283,1154.999
2020-05-06,247.00146,765.0647
2020-05-07,250.343,593.4331
2020-05-08,250.50633,696.18207
2020-05-09,244.59363,497.5469
2020-05-10,237.80536,533.9206
2020-05-11,227.77406,612.6635
2020-05-12,247.45386,828.6618
2020-05-13,197.01164,618.59155
2020-05-14,237.54616,614.04034
2020-05-15,243.51566,884.38495
2020-05-16,258.74982,917.2443
2020-05-17,249.4211,698.1381
2020-05-18,263.39288,1081.3724
2020-05-19,256.11676,1234.364
2020-05-20,264.76953,1086.637
2020-05-21,265.84348,872.2057
2020-05-22,260.57162,597.57794
2020-05-23,248.30515,730.7816
2020-05-24,259.24136,1193.3362
2020-05-25,260.72733,1283.4794
2020-05-26,257.8332,898.01447
2020-05-27,258.23032,965.9669
2020-05-28,221.21776,808.9506
2020-05-29,221.6125,767.9226
2020-05-30,153.87694,599.59106
2020-05-31,212.42485,587.29913
2020-06-01,245.8668,630.64484
2020-06-02,230.89946,530.407
2020-06-03,216.6554,530.9641
2020-06-04,191.65474,462.6173
2020-06-05,216.93257,526.45306
2020-06-06,242.93219,712.1485
2020-06-07,227.88937,631.79803
2020-06-08,224.99278,858.41296
2020-06-09,203.45932,839.0122
2020-06-10,233.82802,695.9089
2020-06-11,227.77528,805.51263
2020-06-12,233.93849,970.0714
2020-06-13,211.51436,663.46594
2020-06-14,186.41428,840.19855
2020-06-15,236.23677,1099.2488
2020-06-16,226.52979,827.4137
2020-06-17,245.38547,993.1908
2020-06-18,235.93205,947.7803
2020-06-19,235.21187,1027.7517
2020-06-20,225.00746,792.8918
2020-06-21,231.70068,628.80884
2020-06-22,217.8618,707.4732
2020-06-23,193.65991,783.71405
2020-06-24,149.15541,546.4167
2020-06-25,203.70343,678.04663
2020-06-26,193.16037,788.69574
2020-06-27,214.29182,928.1624
2020-06-28,209.80403,1092.2902
2020-06-29,217.55292,842.83057
2020-06-30,190.19115,724.97125
2020-07-01,230.0073,789.7057
2020-07-02,223.83467,984.7624
2020-07-03,217.8729,778.19354
2020-07-04,181.8211,807.8585
2020-07-05,173.75194,687.5667
2020-07-06,214.83344,773.411
2020-07-07,169.9017,768.3606
2020-07-08,98.35684,459.50995
2020-07-09,144.07318,535.2906
2020-07-10,212.06775,859.3375
2020-07-11,214.92978,590.33765
2020-07-12,177.255,429.701
2020-07-13,210.84048,698.37366
2020-07-14,201.22319,563.7056
2020-07-15,171.7577,704.09454
2020-07-16,184.20137,684.6865
2020-07-17,190.60588,683.0213
2020-07-18,191.29955,482.7763
2020-07-19,122.31054,479.9763
2020-07-20,178.91698,532.45386
2020-07-21,145.81358,411.63895
2020-07-22,114.99691,386.24835
2020-07-23,217.50635,571.16907
2020-07-24,195.76549,533.24615
2020-07-25,163.4801,439.9963
2020-07-26,177.5982,482.12997
2020-07-27,188.36163,660.3489
2020-07-28,198.66776,643.41437
2020-07-29,177.29755,555.0476
2020-07-30,137.39166,555.0949
2020-07-31,199.26326,403.6899
2020-08-01,110.84599,374.93005
2020-08-02,177.67305,546.826
2020-08-03,210.69266,544.21075
2020-08-04,186.12952,547.3429
2020-08-05,173.73528,502.7066
2020-08-06,181.7351,1175.2388
2020-08-07,182.57465,665.9007
2020-08-08,187.64357,608.24884
2020-08-09,126.09491,429.36737
2020-08-10,82.157104,421.79227
2020-08-11,105.5746,378.0533
2020-08-12,105.021675,486.17892
2020-08-13,84.47055,257.94382
2020-08-14,104.94832,371.12357
2020-08-15,157.78998,520.9833
2020-08-16,137.20837,430.2359
2020-08-17,179.40735,379.30045
2020-08-18,121.33159,361.24673
2020-08-19,46.284485,199.40453
2020-08-20,102.751686,335.3921
2020-08-21,157.86035,672.93274
2020-08-22,162.15213,828.474
2020-08-23,160.63322,740.99524
2020-08-24,127.30252,600.8067
2020-08-25,144.76778,504.5645
2020-08-26,146.05882,379.16678
2020-08-27,84.50082,383.19208
2020-08-28,168.284,351.86285
2020-08-29,154.80438,490.20117
2020-08-30,158.39288,806.37354
2020-08-31,159.02882,680.7863
2020-09-01,133.4965,555.14606
2020-09-02,168.3661,452.5012
2020-09-03,107.08508,568.4348
2020-09-04,171.84473,436.3866
2020-09-05,95.5996,380.2125
2020-09-06,137.86598,322.94986
2020-09-07,174.21526,402.005
2020-09-08,156.78278,496.79855
2020-09-09,157.87706,491.9573
2020-09-10,192.35707,518.39136
2020-09-11,178.88339,382.00037
2020-09-12,199.69469,418.85532
2020-09-13,177.66536,443.08627
2020-09-14,191.85149,456.71936
2020-09-15,193.26508,526.94635
2020-09-16,187.5059,535.42804
2020-09-17,192.60497,712.02216
2020-09-18,179.2301,594.5067
2020-09-19,192.02907,560.42694
2020-09-20,197.71146,599.54114
2020-09-21,193.16434,561.32263
2020-09-22,147.20428,450.67813
2020-09-23,161.99782,543.9551
2020-09-24,188.17628,506.8862
2020-09-25,195.2026,536.9127
2020-09-26,171.82396,498.3553
2020-09-27,190.72388,414.97397
2020-09-28,193.29785,495.06454
2020-09-29,192.4626,626.3344
2020-09-30,194.12285,591.86206
2020-10-01,192.5653,446.95953
2020-10-02,193.40225,334.15964
2020-10-03,192.43166,475.21136
2020-10-04,193.084,408.83276
2020-10-05,192.74384,400.7541
2020-10-06,191.02504,366.3617
2020-10-07,188.89983,438.30206
2020-10-08,188.15932,443.9427
2020-10-09,185.14915,439.60648
2020-10-10,181.2781,482.62292
2020-10-11,182.25969,456.30994
2020-10-12,179.86844,438.7825
2020-10-13,174.23056,557.50793
2020-10-14,160.93005,543.6248
2020-10-15,171.8965,537.8268
2020-10-16,178.67575,350.98706
2020-10-17,173.52107,298.81866
2020-10-18,174.549,355.31732
2020-10-19,168.4301,341.52902
2020-10-20,177.45688,359.846
2020-10-21,153.8025,227.98131
2020-10-22,147.7249,218.61397
2020-10-23,167.89957,248.86096
2020-10-24,170.24806,422.1793
2020-10-25,168.37253,226.15616
2020-10-26,135.95334,181.94006
2020-10-27,167.13005,324.83466
2020-10-28,166.50137,340.3082
2020-10-29,163.87018,345.5692
2020-10-30,162.99382,408.62155
2020-10-31,162.94556,293.55573
2020-11-01,163.00664,328.60184
2020-11-02,162.30142,368.8562
2020-11-03,161.25072,239.86357
2020-11-04,155.36337,277.67676
2020-11-05,156.62665,212.72417
2020-11-06,155.81322,210.13916
2020-11-07,155.20639,252.603
2020-11-08,154.52025,217.19124
2020-11-09,152.40117,231.67603
2020-11-10,149.14046,239.31575
2020-11-11,144.97057,425.02362
2020-11-12,138.64615,392.41336
2020-11-13,145.52238,359.1773
2020-11-14,145.49611,320.90604
2020-11-15,134.94005,305.11496
2020-11-16,63.061832,289.50027
2020-11-17,134.48811,314.90884
2020-11-18,143.66109,297.87064
2020-11-19,138.24776,279.0656
2020-11-20,143.94493,256.65387
2020-11-21,144.76344,362.13095
2020-11-22,142.39499,218.34589
2020-11-23,140.19914,202.11569
2020-11-24,127.00644,215.6074
2020-11-25,107.5613,232.18729
2020-11-26,111.87283,264.32205
2020-11-27,138.20763,209.66718
2020-11-28,138.77744,186.45268
2020-11-29,138.65263,164.93298
2020-11-30,135.54967,178.50262
2020-12-01,133.86969,170.94472
2020-12-02,134.78955,211.19211
2020-12-03,133.02522,145.63754
2020-12-04,131.73433,171.43188
2020-12-05,130.50018,174.83713
2020-12-06,129.22227,153.81287
2020-12-07,129.7747,187.01718
2020-12-08,129.193,137.02777
2020-12-09,128.16809,145.67174
2020-12-10,124.50259,125.456085
2020-12-11,126.54018,171.3988
2020-12-12,90.06479,215.48245
2020-12-13,133.39511,303.9123
2020-12-14,134.62723,221.30835
2020-12-15,135.20622,177.74133
2020-12-16,134.46043,267.83875
2020-12-17,135.75214,302.31107
2020-12-18,134.59102,253.31552
2020-12-19,134.2596,214.19913
2020-12-20,130.55411,199.65872
2020-12-21,113.71881,165.36597
2020-12-22,131.81876,129.95673
2020-12-23,133.76112,136.72783
2020-12-24,134.47427,138.07104
2020-12-25,134.80142,194.66168
2020-12-26,134.05728,178.36053
2020-12-27,131.91196,235.03131
2020-12-28,136.13663,290.45862
2020-12-29,137.43373,258.64746
2020-12-30,136.84166,214.72293
2020-12-31,135.43217,145.96439
2021-01-01,133.48018,134.84071
2021-01-02,88.86375,178.36456
2021-01-03,105.11456,362.325
2021-01-04,102.881134,186.82953
2021-01-05,88.99269,240.56296
2021-01-06,99.54758,245.16306
2021-01-07,117.52778,326.126
2021-01-08,126.94361,99.41908
2021-01-09,122.69802,316.03436
2021-01-10,146.0609,289.30984
2021-01-11,147.00768,355.51404
2021-01-12,146.7577,278.1591
2021-01-13,148.85208,197.47772
2021-01-14,146.05254,123.318474
2021-01-15,146.11404,136.27177
2021-01-16,124.68311,123.01368
2021-01-17,119.16379,250.44223
2021-01-18,96.10632,202.56795
2021-01-19,142.18602,240.15007
2021-01-20,150.84875,355.2663
2021-01-21,156.29553,277.99347
2021-01-22,155.53026,150.20493
2021-01-23,148.8557,213.07736
2021-01-24,147.2411,259.68008
2021-01-25,150.67949,256.2104
2021-01-26,158.9372,227.31308
2021-01-27,162.55452,219.51338
2021-01-28,164.19888,216.25491
2021-01-29,164.2259,295.2883
2021-01-30,166.95102,233.77193
2021-01-31,166.746,144.85005
2021-02-01,166.03877,139.11836
2021-02-02,166.5631,120.11766
2021-02-03,164.35193,204.52635
2021-02-04,143.48712,267.89563
2021-02-05,143.8701,238.34497
2021-02-06,170.95059,363.64462
2021-02-07,172.91006,348.18054
2021-02-08,173.5593,232.35634
2021-02-09,172.95529,179.22813
2021-02-10,175.54848,157.10504
2021-02-11,177.70229,239.27737
2021-02-12,149.28365,175.89539
2021-02-13,175.64291,143.05498
2021-02-14,180.71185,163.0599
2021-02-15,166.16486,172.7579
2021-02-16,178.50446,206.34602
2021-02-17,183.05655,171.40556
2021-02-18,183.93552,294.45978
2021-02-19,187.0195,321.44534
2021-02-20,189.0247,346.22324
2021-02-21,191.20932,366.01337
2021-02-22,188.34537,369.76154
2021-02-23,191.45341,178.93498
2021-02-24,196.09297,163.34105
2021-02-25,196.74026,233.42708
2021-02-26,196.37007,310.88776
2021-02-27,198.47339,443.04343
2021-02-28,201.76309,330.5681
2021-03-01,207.88795,552.68567
2021-03-02,210.52164,605.88873
2021-03-03,208.45499,328.4426
2021-03-04,208.13145,183.06316
2021-03-05,212.48247,590.0127
2021-03-06,213.51497,347.81802
2021-03-07,208.60431,340.08255
2021-03-08,204.81793,440.69937
2021-03-09,195.46901,254.71382
2021-03-10,193.78656,448.62674
2021-03-11,206.47774,247.05704
2021-03-12,173.26222,438.8735
2021-03-13,213.41313,451.21362
2021-03-14,221.21762,539.49524
2021-03-15,208.43459,448.26666
2021-03-16,222.79509,425.03415
2021-03-17,203.27184,341.7878
2021-03-18,197.11609,247.96802
2021-03-19,184.6318,347.0882
2021-03-20,220.14969,456.76337
2021-03-21,214.79941,412.5114
2021-03-22,202.87735,361.2576
2021-03-23,205.61917,370.44675
2021-03-24,214.98755,591.68494
2021-03-25,236.59439,688.0695
2021-03-26,235.70288,545.5582
2021-03-27,233.15025,459.64444
2021-03-28,233.59358,378.20786
2021-03-29,237.50522,316.85303
2021-03-30,240.25,1114.8962
2021-03-31,247.00333,1065.3698
2021-04-01,250.39973,1026.1262
2021-04-02,248.4831,625.8296
2021-04-03,248.81415,498.27847
2021-04-04,245.22697,490.68518
2021-04-05,236.14001,438.60806
2021-04-06,232.15552,448.41196
2021-04-07,241.23889,709.4621
2021-04-08,250.07812,872.5805
2021-04-09,247.80998,744.81683
2021-04-10,250.61467,970.3302
2021-04-11,247.22168,763.24567
2021-04-12,225.97441,531.8484
2021-04-13,215.64388,773.52484
2021-04-14,212.30643,505.69003
2021-04-15,240.49367,722.2659
2021-04-16,210.36847,1112.0337
2021-04-17,234.43503,1153.064
2021-04-18,237.59729,1015.7463
2021-04-19,248.40036,1057.681
2021-04-20,189.87868,785.9557
2021-04-21,227.80717,745.15137
2021-04-22,246.17215,1075.174
2021-04-23,189.26256,793.8246
2021-04-24,257.53818,965.02106
2021-04-25,259.5104,821.3472
2021-04-26,258.92847,886.1576
2021-04-27,246.39554,1048.0962
2021-04-28,256.671,1155.6655
2021-04-29,243.74109,1377.3961
2021-04-30,229.46426,622.45856
2021-05-01,216.77972,930.4601
2021-05-02,199.9472,879.8154
2021-05-03,225.02777,1246.674
2021-05-04,223.25517,790.2121
2021-05-05,242.79572,861.8656
2021-05-06,224.41359,764.0736
2021-05-07,234.78903,882.07056
2021-05-08,245.21614,1276.5532
2021-05-09,238.07527,764.91907
2021-05-10,250.32518,578.56274
2021-05-11,215.56108,595.8997
2021-05-12,224.45372,562.6718
2021-05-13,231.05202,690.944
2021-05-14,241.97844,1055.7987
2021-05-15,234.29521,943.8357
2021-05-16,255.65053,1065.5355
2021-05-17,118.0034,797.2454
2021-05-18,99.87051,391.23395
2021-05-19,30.71985,528.37537
2021-05-20,137.86513,712.4156
2021-05-21,243.18767,582.3998
2021-05-22,217.10966,643.4446
2021-05-23,242.62225,510.7593
2021-05-24,260.50165,812.3838
2021-05-25,263.96063,583.37494
2021-05-26,261.93475,378.40616
2021-05-27,261.0915,345.0609
2021-05-28,253.66138,643.198
2021-05-29,247.20467,758.37616
2021-05-30,246.796,668.6747
2021-05-31,243.21594,779.23975
2021-06-01,231.73273,551.8522
2021-06-02,231.81847,753.66327
2021-06-03,198.78877,859.3215
2021-06-04,242.37865,1089.1919
2021-06-05,226.99457,589.6571
2021-06-06,242.2208,626.5583
2021-06-07,218.83215,1066.8734
2021-06-08,248.53242,1412.407
2021-06-09,237.75433,1298.4326
2021-06-10,222.86607,903.49725
2021-06-11,208.33223,984.81885
2021-06-12,201.77983,820.96893
2021-06-13,211.1855,740.155
2021-06-14,229.54382,931.85394
2021-06-15,197.30249,758.1276
2021-06-16,196.72517,612.7349
2021-06-17,212.9917,721.5691
2021-06-18,191.94896,709.25085
2021-06-19,182.27315,637.9107
2021-06-20,188.64806,570.67834
2021-06-21,214.98459,761.1311
2021-06-22,224.65138,1091.34
2021-06-23,237.63412,1063.9436
2021-06-24,231.40791,719.7226
2021-06-25,222.79962,714.75653
2021-06-26,234.55559,751.45374
2021-06-27,227.28969,1007.5398
2021-06-28,230.93074,1032.4882
2021-06-29,239.36615,1334.188
2021-06-30,247.0639,1514.9983
2021-07-01,234.04242,1233.0399
2021-07-02,221.32155,992.4455
2021-07-03,213.44368,861.57477
2021-07-04,217.53876,769.95404
2021-07-05,223.04536,1166.0186
2021-07-06,206.1534,1004.8455
2021-07-07,216.98434,1140.4849
2021-07-08,188.74986,1348.1459
2021-07-09,210.44142,902.5425
2021-07-10,221.49266,981.981
2021-07-11,155.06387,866.0454
2021-07-12,164.22787,928.537
2021-07-13,176.7676,407.5194
2021-07-14,146.69852,423.70514
2021-07-15,183.92108,691.2336
2021-07-16,208.6811,758.87054
2021-07-17,205.24126,732.68176
2021-07-18,122.58171,500.1407
2021-07-19,15.153094,237.31004
2021-07-20,100.71139,364.28357
2021-07-21,187.1633,383.14398
2021-07-22,175.56631,480.9445
2021-07-23,123.41145,351.37384
2021-07-24,203.48454,428.08475
2021-07-25,193.35979,601.8106
2021-07-26,91.2292,388.7509
2021-07-27,38.538967,341.14316
2021-07-28,54.811615,258.21753
2021-07-29,60.01494,323.40204
2021-07-30,58.042065,278.28485
2021-07-31,136.8517,452.63672
2021-08-01,186.14113,344.00314
2021-08-02,108.46811,393.85724
2021-08-03,150.55931,616.4422
2021-08-04,173.25606,602.9922
2021-08-05,171.67535,401.09482
2021-08-06,193.75978,408.55145
2021-08-07,141.41078,302.59015
2021-08-08,165.54741,356.7603
2021-08-09,160.51337,386.5891
2021-08-10,218.77496,569.8174
2021-08-11,225.9008,672.5377
2021-08-12,219.60086,507.95236
2021-08-13,212.6211,566.5336
2021-08-14,203.78781,547.43524
2021-08-15,221.7661,584.1781
2021-08-16,223.9089,453.79596
2021-08-17,219.7132,629.8667
2021-08-18,215.93765,641.29663
2021-08-19,193.01666,590.55444
2021-08-20,94.12533,402.51797
2021-08-21,60.473446,527.0925
2021-08-22,147.25229,366.02686
2021-08-23,194.00383,355.93854
2021-08-24,109.53931,399.34454
2021-08-25,202.2486,681.84644
2021-08-26,205.1746,715.8786
2021-08-27,198.55139,509.8931
2021-08-28,170.54413,413.66205
2021-08-29,151.8403,425.60165
2021-08-30,152.6603,564.8807
2021-08-31,171.82434,540.69385
2021-09-01,85.66685,281.9048
2021-09-02,159.87888,299.61935
2021-09-03,166.84978,342.9986
2021-09-04,112.63225,292.29572
2021-09-05,149.89433,340.1704
2021-09-06,172.3368,385.81033
2021-09-07,147.66052,483.062
2021-09-08,146.91624,717.1209
2021-09-09,127.75379,519.7318
2021-09-10,132.49625,648.23083
2021-09-11,48.162083,482.13776
2021-09-12,95.13778,373.54953
2021-09-13,141.75249,299.3867
2021-09-14,173.4332,523.0377
2021-09-15,146.37555,464.55746
2021-09-16,180.45642,383.221
2021-09-17,101.48191,599.13904
2021-09-18,159.60733,529.753
2021-09-19,163.41881,410.9352
2021-09-20,167.65242,373.25806
2021-09-21,149.37186,429.6607
2021-09-22,94.17106,411.81378
2021-09-23,134.506,452.9176
2021-09-24,151.61911,448.4093
2021-09-25,163.95222,447.49744
2021-09-26,151.75912,412.56427
2021-09-27,174.59605,321.93045
2021-09-28,158.18497,473.8443
2021-09-29,173.74965,514.31696
2021-09-30,153.75952,334.5114
2021-10-01,159.59175,260.42157
2021-10-02,159.77159,366.49817
2021-10-03,153.46509,417.90225
2021-10-04,174.93541,274.89453
2021-10-05,147.6024,331.04138
2021-10-06,161.19508,381.70746
2021-10-07,181.36542,374.69037
2021-10-08,178.94142,371.54468
2021-10-09,180.76387,292.7913
2021-10-10,177.63945,224.8948
2021-10-11,179.51038,173.23174
2021-10-12,178.32033,195.32004
2021-10-13,182.02121,364.90747
2021-10-14,181.307,305.26276
2021-10-15,177.09383,165.05307
2021-10-16,171.29729,205.40155
2021-10-17,107.506516,373.40784
2021-10-18,13.66278,296.29315
2021-10-19,165.17377,338.56662
2021-10-20,170.30058,278.44495
2021-10-21,173.89037,226.6876
2021-10-22,169.6878,259.9713
2021-10-23,164.0881,255.01144
2021-10-24,136.31084,279.61694
2021-10-25,158.08548,299.75812
2021-10-26,164.95563,298.73462
2021-10-27,163.40689,302.6454
2021-10-28,163.08174,264.72623
2021-10-29,162.52434,231.33559
2021-10-30,163.04633,292.18134
2021-10-31,160.63998,253.86447
2021-11-01,159.25793,227.54587
2021-11-02,154.38965,231.52481
2021-11-03,152.02328,199.60146
2021-11-04,152.51636,209.06035
2021-11-05,150.59033,307.87036
2021-11-06,153.70523,288.30478
2021-11-07,153.2708,235.46216
2021-11-08,153.10555,219.02899
2021-11-09,150.8754,193.27087
2021-11-10,151.3715,187.21349
2021-11-11,150.5948,175.5726
2021-11-12,149.37111,196.92987
2021-11-13,149.09502,245.59918
2021-11-14,149.31165,208.03365
2021-11-15,147.68373,258.5614
2021-11-16,148.04486,214.73703
2021-11-17,145.98888,201.66135
2021-11-18,142.56892,210.25298
2021-11-19,134.94774,214.03603
2021-11-20,87.658195,168.91042
2021-11-21,141.17853,201.53761
2021-11-22,145.31944,278.1881
2021-11-23,142.89368,204.9676
2021-11-24,140.21767,164.61644
2021-11-25,136.7732,149.24565
2021-11-26,135.92958,140.83434
2021-11-27,133.22906,201.60788
2021-11-28,130.89076,193.09447
2021-11-29,136.32513,267.26105
2021-11-30,128.94208,181.16032
2021-12-01,67.35955,139.14368
2021-12-02,34.16777,207.06726
2021-12-03,101.11653,110.929146
2021-12-04,129.80539,150.51796
2021-12-05,114.2122,191.43567
2021-12-06,115.01733,220.01747
2021-12-07,132.94365,244.50494
2021-12-08,133.378,217.3136
2021-12-09,131.91194,210.35104
2021-12-10,131.67226,219.26132
2021-12-11,133.8545,198.81924
2021-12-12,126.79105,164.83768
2021-12-13,111.5082,264.36395
2021-12-14,121.57206,175.97943
2021-12-15,129.92595,294.4076
2021-12-16,91.17404,241.63852
2021-12-17,136.03973,366.2341
2021-12-18,134.63554,384.71042
2021-12-19,135.89912,252.96146
2021-12-20,134.28731,167.80087
2021-12-21,131.56367,146.92778
2021-12-22,130.4993,135.43723
2021-12-23,123.89689,133.1306
2021-12-24,127.05007,147.58072
2021-12-25,128.30296,170.12561
2021-12-26,65.29493,184.58098
2021-12-27,116.409904,175.0502
2021-12-28,74.62066,137.36633
2021-12-29,128.11021,152.85843
2021-12-30,137.58577,202.01526
2021-12-31,133.50139,173.42355
2022-01-01,135.09064,170.28236
2022-01-02,130.21962,158.83177
2022-01-03,134.90898,133.64326
2022-01-04,130.7427,130.81172
2022-01-05,20.764328,319.39926
2022-01-06,55.548393,334.37476
2022-01-07,87.59691,522.0773
2022-01-08,40.50376,508.25208
2022-01-09,58.22266,318.94873
2022-01-10,110.00979,326.1523
2022-01-11,115.87146,252.54408
2022-01-12,123.12444,239.2523
2022-01-13,105.927345,180.23042
2022-01-14,109.18068,259.4049
2022-01-15,140.7285,236.60559
2022-01-16,132.9533,183.71721
2022-01-17,118.77823,210.51643
2022-01-18,142.26772,191.00015
2022-01-19,117.250206,113.47011
2022-01-20,104.428955,150.79147
2022-01-21,139.60532,222.13426
2022-01-22,46.520573,618.47424
2022-01-23,49.683445,262.1084
2022-01-24,121.2495,303.4075
2022-01-25,142.45674,345.648
2022-01-26,134.45914,341.7793
2022-01-27,156.76944,386.08328
2022-01-28,162.41821,303.58215
2022-01-29,160.45392,211.32137
2022-01-30,162.59488,283.19827
2022-01-31,162.2396,116.08814
2022-02-01,148.58826,240.80032
2022-02-02,164.8771,269.9284
2022-02-03,70.783165,572.2954
2022-02-04,100.50188,389.41235
2022-02-05,162.50684,121.67269
2022-02-06,172.00378,150.31557
2022-02-07,167.76584,122.95068
2022-02-08,151.88605,131.30269
2022-02-09,121.34165,312.5362
2022-02-10,156.4361,311.62967
2022-02-11,180.2779,512.9481
2022-02-12,184.04935,260.23215
2022-02-13,181.30792,152.86792
2022-02-14,181.66818,140.65158
2022-02-15,180.48071,131.11038
2022-02-16,181.76625,194.25601
2022-02-17,183.48112,173.57872
2022-02-18,183.02852,170.93115
2022-02-19,189.56146,281.15384
2022-02-20,190.45035,552.2067
2022-02-21,195.52588,179.21675
2022-02-22,190.87177,563.91144
2022-02-23,188.22267,351.27185
2022-02-24,164.74495,234.45992
2022-02-25,186.65082,311.07016
2022-02-26,188.59952,641.2793
2022-02-27,195.79538,446.9616
2022-02-28,205.81442,324.9206
2022-03-01,203.89153,237.97264
2022-03-02,203.63509,223.79037
2022-03-03,182.03278,265.076
2022-03-04,203.23329,525.61633
2022-03-05,210.32553,495.08957
2022-03-06,174.31721,225.94675
2022-03-07,192.84325,246.41774
2022-03-08,210.87886,238.2774
2022-03-09,203.43144,248.0036
2022-03-10,213.82494,453.3092
2022-03-11,218.54814,455.44702
2022-03-12,222.1873,353.2497
2022-03-13,216.69292,329.02884
2022-03-14,218.29582,364.7224
2022-03-15,218.00558,409.89548
2022-03-16,221.90282,492.38666
2022-03-17,221.62944,305.58627
2022-03-18,219.80931,479.25717
2022-03-19,221.6714,336.81506
2022-03-20,225.02258,241.93678
2022-03-21,225.58243,451.0195
2022-03-22,234.52882,582.95416
2022-03-23,223.95308,302.92487
2022-03-24,234.17833,459.29153
2022-03-25,235.31288,496.42078
2022-03-26,238.93802,867.6933
2022-03-27,240.09546,382.94397
2022-03-28,240.17094,231.84447
2022-03-29,240.66313,319.33286
2022-03-30,238.67279,234.3541
2022-03-31,237.73317,367.15955
2022-04-01,247.66104,599.46045
2022-04-02,244.8899,466.29822
2022-04-03,248.27849,340.5977
2022-04-04,247.19994,490.85556
2022-04-05,247.68672,637.37854
2022-04-06,246.66835,585.6899
2022-04-07,246.04317,632.2433
2022-04-08,247.07553,484.336
2022-04-09,240.83191,369.19482
2022-04-10,247.89955,646.4886
2022-04-11,239.52493,587.7434
2022-04-12,222.10555,365.28293
2022-04-13,244.89757,576.2411
2022-04-14,245.50916,748.4454
2022-04-15,243.55148,726.61005
2022-04-16,251.50684,650.4132
2022-04-17,248.56313,677.5493
2022-04-18,240.72815,430.18204
2022-04-19,242.81631,649.2163
2022-04-20,250.555,1290.0247
2022-04-21,217.81754,543.7445
2022-04-22,240.0069,939.5786
2022-04-23,255.40823,874.9855
2022-04-24,254.60388,1119.3398
2022-04-25,230.69234,612.7519
2022-04-26,254.89789,1113.2914
2022-04-27,258.50394,922.30896
2022-04-28,253.1813,687.86725
2022-04-29,256.11975,643.7425
2022-04-30,246.73581,897.19
2022-05-01,225.5834,516.9133
2022-05-02,247.27037,898.48376
2022-05-03,238.58138,785.4131
2022-05-04,231.0149,695.19604
2022-05-05,243.53499,770.508
2022-05-06,240.57588,1339.5151
2022-05-07,254.57751,774.6511
2022-05-08,251.77682,909.4557
2022-05-09,242.47177,868.86786
2022-05-10,243.51018,970.4967
2022-05-11,233.37071,1076.0122
2022-05-12,242.044,1041.3368
2022-05-13,253.93565,793.2085
2022-05-14,260.9088,911.46423
2022-05-15,255.7343,609.8868
2022-05-16,227.17108,981.5308
2022-05-17,225.00029,855.7816
2022-05-18,252.67558,769.0811
2022-05-19,252.78261,767.22485
2022-05-20,250.90994,894.56866
2022-05-21,218.17542,650.39105
2022-05-22,243.21408,1050.1538
2022-05-23,224.20657,839.38947
2022-05-24,167.51314,605.3771
2022-05-25,216.47478,772.7291
2022-05-26,249.5008,704.72986
2022-05-27,243.30106,893.6081
2022-05-28,244.9627,974.4066
2022-05-29,237.32034,784.5202
2022-05-30,247.94913,837.94257
2022-05-31,242.39378,924.6848
2022-06-01,246.98958,795.9202
2022-06-02,251.26753,648.9705
2022-06-03,257.74146,1094.1602
2022-06-04,247.9368,985.17175
2022-06-05,244.6841,965.19507
2022-06-06,255.58206,1073.4288
2022-06-07,238.3371,1043.234
2022-06-08,255.53552,1159.6387
2022-06-09,240.46153,1287.8661
2022-06-10,245.26012,1225.2522
2022-06-11,248.95207,1326.8455
2022-06-12,243.32292,1238.5897
2022-06-13,218.13997,1479.4921
2022-06-14,169.79861,964.38446
2022-06-15,234.91623,1290.2898
2022-06-16,238.1667,850.10767
2022-06-17,182.02641,647.444
2022-06-18,185.80536,558.26337
2022-06-19,172.48125,452.50262
2022-06-20,228.73988,658.18274
2022-06-21,211.26854,641.0984
2022-06-22,225.7502,676.41223
2022-06-23,247.77231,812.5565
2022-06-24,255.51735,896.05286
2022-06-25,253.458,1057.6765
2022-06-26,227.17133,968.89905
2022-06-27,226.55107,960.4838
2022-06-28,204.05675,951.4482
2022-06-29,192.4311,901.8003
2022-06-30,56.75686,312.76996
2022-07-01,121.145096,359.24966
2022-07-02,168.02461,427.43213
2022-07-03,139.71245,584.58453
2022-07-04,147.89456,552.23
2022-07-05,176.66806,662.69714
2022-07-06,203.90637,703.10626
2022-07-07,195.21455,758.98035
2022-07-08,221.55595,694.97876
2022-07-09,165.05347,567.8154
2022-07-10,120.116684,419.85126
2022-07-11,208.19936,465.9178
2022-07-12,211.96265,493.07635
2022-07-13,183.06213,628.11755
2022-07-14,208.22609,713.0964
2022-07-15,208.46278,924.50165
2022-07-16,178.257,637.5285
2022-07-17,187.51297,488.57935
2022-07-18,218.04771,504.95334
2022-07-19,205.8943,473.7964
2022-07-20,114.80628,390.36618
2022-07-21,104.11875,300.69022
2022-07-22,192.63191,377.92816
2022-07-23,122.3296,578.4774
2022-07-24,163.5097,747.7094
2022-07-25,185.93082,774.4489
2022-07-26,156.72803,717.1497
2022-07-27,160.11664,510.31885
2022-07-28,87.24666,278.63538
2022-07-29,56.30104,322.5611
2022-07-30,85.01462,265.37964
2022-07-31,161.35995,402.39584
2022-08-01,165.89146,414.09637
2022-08-02,188.86153,425.74182
2022-08-03,169.9369,394.0138
2022-08-04,110.437515,459.99182
2022-08-05,106.79188,397.43524
2022-08-06,195.82791,400.55823
2022-08-07,75.089165,251.29755
2022-08-08,178.7426,388.3224
2022-08-09,203.45396,533.9202
2022-08-10,206.76952,574.33746
2022-08-11,101.59141,734.4492
2022-08-12,178.16075,737.0414
2022-08-13,177.15141,558.9691
2022-08-14,158.17775,415.3714
2022-08-15,77.53423,503.55603
2022-08-16,58.781757,1066.4662
2022-08-17,156.35161,640.0477
2022-08-18,173.30402,521.1716
2022-08-19,188.39595,611.4239
2022-08-20,133.67233,380.02997
2022-08-21,142.0822,368.23523
2022-08-22,136.85078,599.70276
2022-08-23,158.16681,1109.2104
2022-08-24,149.9924,563.21875
2022-08-25,162.73979,507.756
2022-08-26,161.97185,561.3939
2022-08-27,185.26192,676.17426
2022-08-28,197.01056,691.4866
2022-08-29,188.5457,456.20242
2022-08-30,174.68619,391.77103
2022-08-31,186.74152,514.85815
2022-09-01,187.08112,600.8578
2022-09-02,204.79674,548.75854
2022-09-03,193.80254,824.0021
2022-09-04,213.16727,919.51483
2022-09-05,209.94856,499.13928
2022-09-06,184.57332,591.0928
2022-09-07,196.30963,795.2463
2022-09-08,183.5794,708.4158
2022-09-09,169.86723,704.5253
2022-09-10,177.9456,614.80725
2022-09-11,172.18083,696.36176
2022-09-12,191.47969,801.6675
2022-09-13,151.93257,948.1265
2022-09-14,76.13812,772.774
2022-09-15,22.403997,528.63965
2022-09-16,88.14923,269.21625
2022-09-17,176.47905,380.7388
2022-09-18,191.16568,369.58954
2022-09-19,139.63075,371.06647
2022-09-20,111.67321,331.66733
2022-09-21,65.06537,341.92737
2022-09-22,60.65624,367.1975
2022-09-23,50.914413,456.23944
2022-09-24,43.500233,532.4522
2022-09-25,159.15308,406.19904
2022-09-26,175.37372,459.01938
2022-09-27,183.67108,324.18488
2022-09-28,169.48886,294.5313
2022-09-29,181.47926,348.2988
2022-09-30,178.63605,358.5089
2022-10-01,177.26924,334.34088
2022-10-02,181.07219,325.41287
2022-10-03,186.68799,489.3883
2022-10-04,147.67593,336.34302
2022-10-05,144.91452,411.278
2022-10-06,169.83066,643.60455
2022-10-07,51.203514,490.6936
2022-10-08,15.133776,411.36288
2022-10-09,39.223724,378.32706
2022-10-10,77.28639,325.45428
2022-10-11,94.563644,250.6748
2022-10-12,135.32825,242.0082
2022-10-13,174.62918,293.68454
2022-10-14,177.30411,298.4153
2022-10-15,176.17235,293.50824
2022-10-16,174.67981,236.30228
2022-10-17,173.59332,221.32886
2022-10-18,173.99408,155.16455
2022-10-19,170.32458,190.41492
2022-10-20,168.25479,193.26369
2022-10-21,168.97202,162.08614
2022-10-22,167.6828,237.16177
2022-10-23,169.61867,267.41434
2022-10-24,168.66956,225.28355
2022-10-25,169.4312,285.80563
2022-10-26,164.85736,220.90527
2022-10-27,162.40547,184.08867
2022-10-28,159.9352,187.40662
2022-10-29,161.24184,327.5186
2022-10-30,159.59071,307.59412
2022-10-31,157.39154,238.00414
2022-11-01,154.41313,225.50418
2022-11-02,156.26892,184.1983
2022-11-03,153.56656,232.00429
2022-11-04,150.93967,210.02545
2022-11-05,148.50533,254.05002
2022-11-06,140.38005,238.30302
2022-11-07,147.60368,165.3136
2022-11-08,140.52339,163.12437
2022-11-09,128.87056,222.719
2022-11-10,137.38876,208.09454
2022-11-11,149.13077,297.31955
2022-11-12,149.39348,315.87827
2022-11-13,146.18974,282.96658
2022-11-14,143.83447,231.12729
2022-11-15,129.80768,174.28596
2022-11-16,142.72481,329.3015
2022-11-17,145.30174,392.33444
2022-11-18,146.2002,277.09604
2022-11-19,143.50438,253.75775
2022-11-20,142.01782,213.24338
2022-11-21,142.5987,193.13562
2022-11-22,142.14145,232.26453
2022-11-23,144.14207,228.59113
2022-11-24,142.61923,190.57655
2022-11-25,140.5653,168.69292
2022-11-26,139.84668,209.98569
2022-11-27,139.23459,162.60822
2022-11-28,138.18768,189.36859
2022-11-29,137.14569,217.08078
2022-11-30,133.98792,189.27267
2022-12-01,136.61057,183.78821
2022-12-02,133.94627,189.69441
2022-12-03,132.77773,234.45767
2022-12-04,133.50414,202.74364
2022-12-05,134.30093,210.28386
2022-12-06,134.65163,262.96857
2022-12-07,134.7374,295.37903
2022-12-08,132.16154,191.77298
2022-12-09,131.1059,144.95865
2022-12-10,131.19572,133.04498
2022-12-11,132.60205,142.41086
2022-12-12,133.57349,183.20166
2022-12-13,134.28133,288.20163
2022-12-14,135.39429,272.6786
2022-12-15,134.75546,236.02153
2022-12-16,133.82166,172.51855
2022-12-17,133.12119,157.49849
2022-12-18,131.90616,140.02014
2022-12-19,132.51532,162.45311
2022-12-20,130.50716,167.59135
2022-12-21,133.096,128.72629
2022-12-22,132.76384,107.28491
2022-12-23,123.7292,115.83205
2022-12-24,131.74666,226.54114
2022-12-25,134.11386,178.82088
2022-12-26,132.50809,128.72896
2022-12-27,133.77365,241.8462
2022-12-28,134.47209,296.32352
2022-12-29,107.81981,136.34644
2022-12-30,106.439964,173.36465
2022-12-31,133.71515,242.10162
2023-01-01,133.94044,184.93073
2023-01-02,121.41248,235.08069
2023-01-03,133.94208,210.0557
2023-01-04,138.15941,165.07353
2023-01-05,99.81686,106.55664
2023-01-06,89.734375,101.99065
2023-01-07,101.462555,113.007164
2023-01-08,140.16356,120.24404
2023-01-09,113.13165,79.06948
2023-01-10,137.573,141.78593
2023-01-11,91.50789,158.953
2023-01-12,99.9656,278.31662
2023-01-13,96.526,189.89873
2023-01-14,141.95631,319.1022
2023-01-15,144.41486,286.33365
2023-01-16,151.37163,242.95288
2023-01-17,152.52797,214.74075
2023-01-18,151.53806,204.3727
2023-01-19,137.58849,154.72685
2023-01-20,136.09494,269.7751
2023-01-21,149.94232,156.02228
2023-01-22,136.70085,150.19728
2023-01-23,147.46072,126.98664
2023-01-24,101.205086,399.41055
2023-01-25,117.58683,253.584
2023-01-26,136.99507,378.0159
2023-01-27,161.27055,299.9428
2023-01-28,164.07593,157.69571
2023-01-29,80.69404,175.66147
2023-01-30,68.88024,212.38153
2023-01-31,160.19,455.3205
2023-02-01,166.31209,348.53607
2023-02-02,168.14915,284.0501
2023-02-03,167.41396,193.98114
2023-02-04,167.16971,258.8067
2023-02-05,170.82861,181.74287
2023-02-06,162.6253,148.5843
2023-02-07,169.56787,259.68134
2023-02-08,173.8243,262.70386
2023-02-09,170.30734,177.59448
2023-02-10,171.41075,192.34499
2023-02-11,172.90965,262.43707
2023-02-12,181.74799,625.6976
2023-02-13,184.2818,618.8555
2023-02-14,180.311,300.98257
2023-02-15,181.8975,343.1055
2023-02-16,181.66673,151.49335
2023-02-17,182.52127,198.4082
2023-02-18,187.1017,167.01602
2023-02-19,184.76286,143.93309
2023-02-20,182.77205,179.83588
2023-02-21,190.11348,238.13562
2023-02-22,187.75893,266.17557
2023-02-23,197.24693,270.64392
2023-02-24,189.39998,184.52864
2023-02-25,197.14326,192.88718
2023-02-26,190.86446,201.69136
2023-02-27,173.15422,227.52263
2023-02-28,191.84967,283.25104
2023-03-01,196.37126,230.64116
2023-03-02,199.37341,279.05093
2023-03-03,191.80278,405.51746
2023-03-04,197.22127,388.5086
2023-03-05,197.72182,403.72287
2023-03-06,207.99493,531.41113
2023-03-07,209.56305,404.02164
2023-03-08,194.91624,437.51685
2023-03-09,204.68205,397.99817
2023-03-10,213.62521,638.92535
2023-03-11,212.93678,556.91205
2023-03-12,213.11174,422.34726
2023-03-13,150.12144,356.8353
2023-03-14,212.892,475.14746
2023-03-15,216.78317,426.51355
2023-03-16,172.25066,318.63968
2023-03-17,158.15587,413.39072
2023-03-18,159.17535,389.85626
2023-03-19,190.78868,385.65027
2023-03-20,100.8951,434.47324
2023-03-21,115.90165,497.96457
2023-03-22,214.11963,421.03726
2023-03-23,221.24727,389.7349
2023-03-24,165.6216,411.74908
2023-03-25,194.08069,422.87848
2023-03-26,216.30768,462.59103
2023-03-27,231.77863,518.8268
2023-03-28,226.00273,435.1661
2023-03-29,221.55458,293.07278
2023-03-30,197.41644,391.62177
2023-03-31,192.10797,475.384
2023-04-01,189.64226,433.291
2023-04-02,224.63246,448.0443
2023-04-03,220.47754,329.68588
2023-04-04,230.36139,622.21344
2023-04-05,242.81497,370.07166
2023-04-06,234.01045,444.2876
2023-04-07,250.36081,442.73624
2023-04-08,250.17802,396.17624
2023-04-09,248.15727,718.0535
2023-04-10,247.31305,790.3997
2023-04-11,216.2132,797.3537
2023-04-12,238.16943,1238.2493
2023-04-13,247.25089,826.94934
2023-04-14,246.89827,782.29
2023-04-15,247.70483,1007.81195
2023-04-16,232.48816,932.0316
2023-04-17,242.20683,919.5915
2023-04-18,238.82431,1041.1503
2023-04-19,220.53851,907.08307
2023-04-20,222.00526,802.7333
2023-04-21,212.19171,1441.7438
2023-04-22,234.9774,1375.906
2023-04-23,220.82083,1302.3066
2023-04-24,225.04884,991.4663
2023-04-25,250.02899,1003.6489
2023-04-26,214.2555,1179.7926
2023-04-27,215.11855,1334.3228
2023-04-28,149.90085,448.11783
2023-04-29,191.88402,800.90643
2023-04-30,196.72736,678.1008
2023-05-01,152.27129,480.29828
2023-05-02,135.40459,529.33875
2023-05-03,140.44786,365.16675
2023-05-04,233.44661,673.7444
2023-05-05,229.83641,924.6869
2023-05-06,233.41644,602.44293
2023-05-07,252.01399,688.78156
2023-05-08,244.30142,415.01642
2023-05-09,261.2188,675.9612
2023-05-10,266.13943,875.65204
2023-05-11,264.10767,877.7919
2023-05-12,260.75955,602.4061
2023-05-13,257.19464,321.77994
2023-05-14,220.23882,594.3343
2023-05-15,250.57285,994.00104
2023-05-16,254.95384,1009.7032
2023-05-17,251.82503,1160.8914
2023-05-18,234.34691,778.04755
2023-05-19,256.29828,1095.8098
2023-05-20,258.8989,1175.9462
2023-05-21,256.68967,534.9193
2023-05-22,223.12097,901.5344
2023-05-23,228.48615,905.3719
2023-05-24,226.81969,889.2799
2023-05-25,120.74897,645.5776
2023-05-26,224.23128,744.91815
2023-05-27,214.34421,821.01245
2023-05-28,235.13914,804.9142
2023-05-29,206.41083,499.50714
2023-05-30,229.38327,755.759
2023-05-31,229.39363,658.0102
2023-06-01,235.5818,593.74005
2023-06-02,229.08568,757.29047
2023-06-03,253.62537,820.8306
2023-06-04,228.2668,485.44455
2023-06-05,244.01755,981.9451
2023-06-06,240.2465,1056.7444
2023-06-07,245.57597,1165.2877
2023-06-08,241.07173,1260.2705
2023-06-09,247.18848,1463.3438
2023-06-10,220.84476,1330.8916
2023-06-11,242.33302,1182.7034
2023-06-12,243.40099,1224.5258
2023-06-13,232.3609,1353.2222
2023-06-14,237.24957,1430.822
2023-06-15,217.83237,927.26324
2023-06-16,219.90413,810.2573
2023-06-17,222.58156,734.2037
2023-06-18,196.37448,780.5118
2023-06-19,206.40689,603.221
2023-06-20,175.79306,600.4588
2023-06-21,186.74097,663.9042
2023-06-22,147.16644,526.3101
2023-06-23,120.32106,511.9604
2023-06-24,192.1516,541.20905
2023-06-25,96.15126,343.4303
2023-06-26,95.78319,270.91357
2023-06-27,169.23105,420.22162
2023-06-28,182.66063,430.50842
2023-06-29,152.97414,273.18106
2023-06-30,172.52742,476.17664
2023-07-01,219.43364,476.77356
2023-07-02,215.41429,665.43713
2023-07-03,228.40591,715.0076
2023-07-04,216.48628,485.05298
2023-07-05,179.6183,511.59042
2023-07-06,73.6136,429.43347
2023-07-07,107.15298,415.0979
2023-07-08,62.886127,444.2741
2023-07-09,83.06555,379.41498
2023-07-10,100.97997,329.79056
2023-07-11,155.50024,322.35672
2023-07-12,98.66209,406.0932
2023-07-13,129.13538,418.85345
2023-07-14,156.26314,334.78113
2023-07-15,131.68803,372.65204
2023-07-16,155.16943,332.3187
2023-07-17,122.16911,349.6739
2023-07-18,126.81826,444.2743
2023-07-19,175.06068,526.4423
2023-07-20,205.95615,437.10132
2023-07-21,170.5122,572.61786
2023-07-22,188.48,695.6336
2023-07-23,182.54723,830.0533
2023-07-24,156.2618,527.54395
2023-07-25,152.47305,382.00726
2023-07-26,75.24793,324.95837
2023-07-27,107.988304,202.02437
2023-07-28,69.1224,303.38043
2023-07-29,64.09817,305.6093
2023-07-30,165.83531,469.77094
2023-07-31,194.63417,554.5635
2023-08-01,197.28705,663.6056
2023-08-02,168.67284,447.3136
2023-08-03,147.08669,473.07654
2023-08-04,140.43709,296.38437
2023-08-05,118.437515,382.65417
2023-08-06,202.75201,667.7335
2023-08-07,199.7346,842.7389
2023-08-08,205.32132,754.7001
2023-08-09,202.17334,607.4099
2023-08-10,167.14307,451.99435
2023-08-11,186.64487,491.34018
2023-08-12,192.52916,663.21387
2023-08-13,148.30734,584.87317
2023-08-14,114.25579,441.23105
2023-08-15,199.7634,422.24243
2023-08-16,204.24736,541.83075
2023-08-17,216.33093,671.3342
2023-08-18,205.35126,481.35788
2023-08-19,136.44713,515.87305
2023-08-20,193.47845,625.5958
2023-08-21,187.74168,521.5159
2023-08-22,122.83892,451.5705
2023-08-23,70.56912,339.60107
2023-08-24,196.58656,573.4118
2023-08-25,188.47069,621.4193
2023-08-26,211.20367,671.8584
2023-08-27,205.61348,682.26056
2023-08-28,205.67323,705.57275
2023-08-29,213.94452,614.1433
2023-08-30,209.06682,605.7852
2023-08-31,206.41049,500.65506
2023-09-01,215.48416,669.00995
2023-09-02,217.66974,752.89484
2023-09-03,218.00883,552.3656
2023-09-04,217.79112,547.1832
2023-09-05,192.68808,536.0496
2023-09-06,204.94516,361.10574
2023-09-07,200.1059,500.92023
2023-09-08,146.31377,507.10394
2023-09-09,50.804367,588.2355
2023-09-10,60.78316,417.36188
2023-09-11,125.29479,432.8468
2023-09-12,192.93047,328.61707
2023-09-13,164.108,399.03998
2023-09-14,140.9182,372.97635
2023-09-15,175.54443,293.35373
2023-09-16,122.92421,540.2357
2023-09-17,132.2718,791.028
2023-09-18,168.6321,615.33905
2023-09-19,171.52028,402.95425
2023-09-20,173.8314,406.14764
2023-09-21,179.09384,438.07086
2023-09-22,170.74217,328.9794
2023-09-23,136.76114,324.29456
2023-09-24,165.91322,347.03146
2023-09-25,175.55913,324.4597
2023-09-26,166.15411,410.888
2023-09-27,191.62181,361.69553
2023-09-28,196.46349,309.58606
2023-09-29,194.98552,327.48413
2023-09-30,191.93935,383.8488
2023-10-01,193.40697,299.8321
2023-10-02,193.36899,314.33514
2023-10-03,195.33072,445.24225
2023-10-04,191.49222,384.4692
2023-10-05,191.20474,279.2165
2023-10-06,190.1939,238.57243
2023-10-07,182.89655,256.7809
2023-10-08,178.36821,377.80206
2023-10-09,177.32564,406.39502
2023-10-10,155.91681,309.2242
2023-10-11,181.80922,384.90814
2023-10-12,182.09264,325.608
2023-10-13,176.8946,381.873
2023-10-14,171.9355,509.04425
2023-10-15,163.80399,261.07196
2023-10-16,140.32808,384.89313
2023-10-17,156.7268,241.04636
2023-10-18,170.12318,352.30145
2023-10-19,171.32812,294.0451
2023-10-20,169.35643,304.76343
2023-10-21,168.93144,337.66718
2023-10-22,155.9007,364.035
2023-10-23,165.46019,292.41043
2023-10-24,163.8998,332.53812
2023-10-25,164.97278,356.7172
2023-10-26,166.28835,308.84985
2023-10-27,167.17273,312.02167
2023-10-28,145.52104,262.859
2023-10-29,158.81236,221.30894
2023-10-30,153.55318,260.3188
2023-10-31,150.74179,319.9443
2023-11-01,153.99829,317.47717
2023-11-02,152.97766,351.4614
2023-11-03,149.75122,307.618
2023-11-04,149.08052,308.77344
2023-11-05,154.395,265.50012
2023-11-06,153.44264,264.35104
2023-11-07,150.27989,197.67725
2023-11-08,149.55971,222.74312
2023-11-09,145.91727,199.78845
2023-11-10,101.66052,279.37708
2023-11-11,146.27736,285.07156
2023-11-12,147.34396,265.28558
2023-11-13,146.11539,249.7544
2023-11-14,125.86586,247.16519
2023-11-15,146.31252,228.57333
2023-11-16,143.55498,286.8917
2023-11-17,141.31549,346.643
2023-11-18,135.76866,304.72836
2023-11-19,127.55839,369.49017
2023-11-20,139.52208,329.56168
2023-11-21,140.46248,349.2236
2023-11-22,140.75993,223.9852
2023-11-23,139.75569,245.49454
2023-11-24,138.14948,234.9589
2023-11-25,135.19234,222.15085
2023-11-26,119.90814,212.12852
2023-11-27,42.919407,196.37299
2023-11-28,80.87467,223.15855
2023-11-29,121.96521,256.8032
2023-11-30,109.62574,277.4411
2023-12-01,122.08048,195.5034
2023-12-02,129.9522,241.51215
2023-12-03,126.460236,182.74515
2023-12-04,94.36773,208.54227
2023-12-05,131.73781,219.09744
2023-12-06,133.39906,146.22513
2023-12-07,129.02167,160.75864
2023-12-08,132.05058,213.36232
2023-12-09,133.51157,185.6192
2023-12-10,133.56355,253.7778
2023-12-11,133.02753,195.2819
2023-12-12,129.25032,178.9945
2023-12-13,130.27483,170.35336
2023-12-14,132.20387,177.66772
2023-12-15,131.22798,150.80244
2023-12-16,125.989365,155.67198
2023-12-17,130.16402,207.82921
2023-12-18,132.78029,278.34393
2023-12-19,134.78831,223.27527
2023-12-20,129.64693,180.94449
2023-12-21,122.28079,165.31314
2023-12-22,131.51114,134.01254
2023-12-23,115.63326,196.00426
2023-12-24,130.28424,168.0222
2023-12-25,130.58517,136.8509
2023-12-26,128.257,131.72302
2023-12-27,132.18538,163.9415
2023-12-28,132.55443,97.53317
2023-12-29,75.053314,112.82366
2023-12-30,80.39779,122.908615
2023-12-31,94.00581,164.41118
2024-01-01,124.6655,172.48404
2024-01-02,115.98749,110.23898
2024-01-03,109.644165,186.26057
2024-01-04,108.87292,155.65714
2024-01-05,101.172806,236.92459
2024-01-06,115.39946,303.66064
2024-01-07,123.85826,143.29453
2024-01-08,133.45436,154.08078
2024-01-09,128.98853,236.84142
2024-01-10,143.26132,220.26172
2024-01-11,131.16881,180.8315
2024-01-12,146.05516,159.21013
2024-01-13,103.63665,79.42941
2024-01-14,134.19507,96.821815
2024-01-15,115.80729,102.499466
2024-01-16,137.14537,113.66374
2024-01-17,146.04414,152.86345
2024-01-18,142.33284,103.281715
2024-01-19,134.8436,142.1486
2024-01-20,127.91827,189.43222
2024-01-21,153.1014,219.89966
2024-01-22,140.93706,149.01419
2024-01-23,130.77292,110.73755
2024-01-24,144.57608,181.34254
2024-01-25,137.33075,112.909615
2024-01-26,149.19775,131.23741
2024-01-27,156.87761,178.57596
2024-01-28,124.74511,160.19684
2024-01-29,154.40988,151.54074
2024-01-30,154.90965,120.80497
2024-01-31,134.52013,243.2054
2024-02-01,111.82045,389.28418
2024-02-02,137.03934,275.5631
2024-02-03,159.5232,140.02255
2024-02-04,104.83059,250.68303
2024-02-05,126.76579,344.76013
2024-02-06,170.93985,292.28442
2024-02-07,170.89104,443.21307
2024-02-08,178.9299,517.697
2024-02-09,177.78845,182.70186
2024-02-10,178.2399,245.70218
2024-02-11,178.5864,191.84406
2024-02-12,153.03668,228.37987
2024-02-13,168.51733,261.94403
2024-02-14,178.6392,269.85226
2024-02-15,182.70628,209.46933
2024-02-16,187.53664,186.2233
2024-02-17,187.20177,233.17696
2024-02-18,180.00851,199.44632
2024-02-19,181.98247,427.2254
2024-02-20,148.033,200.93962
2024-02-21,187.4637,251.32364
2024-02-22,188.76907,337.94272
2024-02-23,198.63135,301.3669
2024-02-24,180.98685,201.95026
2024-02-25,188.46463,365.35715
2024-02-26,173.03828,187.06435
2024-02-27,172.02815,360.5244
2024-02-28,201.19246,520.93567
2024-02-29,203.73871,274.28653
2024-03-01,190.77667,327.6071
2024-03-02,146.81725,591.2103
2024-03-03,197.66432,295.789
2024-03-04,214.39525,541.9588
2024-03-05,210.69788,444.56644
2024-03-06,196.75291,347.18207
2024-03-07,212.56264,299.82697
2024-03-08,216.1172,371.13922
2024-03-09,220.89226,393.06628
2024-03-10,214.70314,238.79114
2024-03-11,213.0078,238.75107
2024-03-12,207.26521,274.10236
2024-03-13,195.1084,319.71793
2024-03-14,220.11545,406.64124
2024-03-15,231.28972,403.7638
2024-03-16,217.37692,287.74527
2024-03-17,220.71481,327.31998
2024-03-18,231.5442,429.65866
2024-03-19,229.65672,389.62845
2024-03-20,231.7968,361.4124
2024-03-21,215.23889,443.66068
2024-03-22,226.45905,278.8082
2024-03-23,230.74393,441.6403
2024-03-24,190.05704,398.98044
2024-03-25,231.66339,578.08484
2024-03-26,206.0738,391.5754
2024-03-27,228.03177,425.7755
2024-03-28,204.5309,238.3567
2024-03-29,221.03575,242.83578
2024-03-30,222.78392,374.94168
2024-03-31,226.54343,752.95605
2024-04-01,219.07611,800.6033
2024-04-02,233.31654,591.9855
2024-04-03,219.66252,224.97702
2024-04-04,228.2533,785.6223
2024-04-05,173.59514,822.04474
2024-04-06,244.2479,865.56726
2024-04-07,249.0463,817.7447
2024-04-08,231.80725,784.83606
2024-04-09,213.46942,335.33893
2024-04-10,242.34865,254.03323
2024-04-11,236.79741,392.1504
2024-04-12,241.65105,701.27136
2024-04-13,213.12206,481.65607
2024-04-14,215.7921,431.1318
2024-04-15,178.58955,794.3408
2024-04-16,234.8649,1257.1216
2024-04-17,250.33578,952.2461
2024-04-18,226.443,1060.4458
2024-04-19,201.84416,923.52966
2024-04-20,231.0155,1413.0981
2024-04-21,227.06142,1454.8567
2024-04-22,227.64183,1485.8497
2024-04-23,222.04994,1138.3188
2024-04-24,253.18959,1442.7244
2024-04-25,254.7364,1258.7535
2024-04-26,247.6195,605.5588
2024-04-27,241.32423,1448.1107
2024-04-28,231.6158,1510.8159
2024-04-29,228.07396,878.4077
2024-04-30,262.61737,1007.2261
2024-05-01,262.90738,1370.5812
2024-05-02,263.63232,975.1526
2024-05-03,237.47438,982.2481
2024-05-04,251.49286,820.0811
2024-05-05,257.0243,1565.2673
2024-05-06,248.20341,1572.8966
2024-05-07,233.03137,972.4752
2024-05-08,245.45905,837.9937
2024-05-09,242.03387,746.9979
2024-05-10,234.28387,558.1194
2024-05-11,248.3591,724.0598
2024-05-12,214.49713,733.67163
2024-05-13,236.05893,908.49634
2024-05-14,255.64697,1250.2458
2024-05-15,261.00696,1330.1979
2024-05-16,261.30807,935.82056
2024-05-17,244.18092,1206.3949
2024-05-18,253.45049,1611.1616
2024-05-19,245.19423,1522.3745
2024-05-20,249.82883,1395.2804
2024-05-21,251.99965,838.07745
2024-05-22,242.7905,759.5604
2024-05-23,237.2441,869.9469
2024-05-24,243.31813,980.80414
2024-05-25,235.57678,1454.607
2024-05-26,257.98822,1353.6758
2024-05-27,259.0704,1183.1161
2024-05-28,262.55334,1165.2948
2024-05-29,256.54044,1042.0833
2024-05-30,257.48785,1461.1605
2024-05-31,256.35388,1180.3436
2024-06-01,235.1745,885.39325
2024-06-02,239.16759,902.3207
2024-06-03,251.18028,1196.191
2024-06-04,241.94914,1322.0876
2024-06-05,232.06331,1312.809
2024-06-06,250.7542,879.6647
2024-06-07,227.85614,1054.2993
2024-06-08,238.61575,1072.1711
2024-06-09,256.29248,1138.2317
2024-06-10,255.38583,1242.307
2024-06-11,253.34845,1122.0754
2024-06-12,253.92027,1316.2346
2024-06-13,249.33215,1257.5802
2024-06-14,239.90125,1378.2297
2024-06-15,236.75851,1465.7872
2024-06-16,245.23814,1579.2292
2024-06-17,236.81372,1572.4163
2024-06-18,235.4044,1311.3849
2024-06-19,241.47603,1497.3772
2024-06-20,230.02605,725.65466
2024-06-21,179.88602,739.5139
2024-06-22,228.49854,667.0226
2024-06-23,212.0416,668.9261
2024-06-24,187.59308,736.3183
2024-06-25,166.70152,832.7165
2024-06-26,128.57445,631.3023
2024-06-27,100.0005,572.39
2024-06-28,160.03029,346.7383
2024-06-29,111.054665,480.47894
2024-06-30,161.15747,475.1524
2024-07-01,156.51048,437.85995
2024-07-02,125.62587,423.3748
2024-07-03,71.47891,427.0901
2024-07-04,71.08142,324.4508
2024-07-05,72.07632,398.96075
2024-07-06,102.315346,474.15604
2024-07-07,175.51881,492.82074
2024-07-08,176.52144,436.18802
2024-07-09,156.52466,449.29645
2024-07-10,174.47226,561.7721
2024-07-11,212.4449,538.6867
2024-07-12,212.47997,532.0342
2024-07-13,195.48018,424.84045
2024-07-14,223.40706,567.98425
2024-07-15,160.23808,575.4426
2024-07-16,160.72858,599.52856
2024-07-17,184.1357,561.49536
2024-07-18,151.16035,445.95306
2024-07-19,173.01915,490.328
2024-07-20,193.33658,544.12177
2024-07-21,208.38118,519.11
2024-07-22,196.98848,555.5174
2024-07-23,155.31583,450.1684
2024-07-24,137.7909,383.96384
2024-07-25,135.72772,415.66214
2024-07-26,132.17664,450.83646
2024-07-27,83.073654,355.0512
2024-07-28,182.45985,553.8741
2024-07-29,199.62407,659.63293
2024-07-30,185.44539,638.7267
2024-07-31,100.29866,460.69733
2024-08-01,77.06107,297.30707
2024-08-02,170.32986,538.1718
2024-08-03,180.31944,581.181
2024-08-04,155.41295,806.3594
2024-08-05,173.09468,806.2351
2024-08-06,126.64939,624.46204
2024-08-07,42.90093,343.4431
2024-08-08,85.18134,308.105
2024-08-09,105.249886,339.18976
2024-08-10,89.03627,322.90027
2024-08-11,88.165054,277.7467
2024-08-12,96.377266,374.0705
2024-08-13,93.911804,314.4031
2024-08-14,122.10259,384.51294
2024-08-15,147.48215,324.2604
2024-08-16,70.73475,495.26294
2024-08-17,172.70253,393.34442
2024-08-18,149.81375,451.85626
2024-08-19,167.80574,456.76392
2024-08-20,114.09601,252.19574
2024-08-21,161.23972,299.53198
2024-08-22,148.10631,339.77448
2024-08-23,128.72427,291.10776
2024-08-24,181.19669,399.3642
2024-08-25,189.12988,725.1349
2024-08-26,172.97208,773.1058
2024-08-27,120.3736,725.1275
2024-08-28,94.14109,448.22443
2024-08-29,93.45378,425.47507
2024-08-30,178.1953,435.1247
2024-08-31,181.73434,475.14307
2024-09-01,181.39374,423.68097
2024-09-02,111.57018,557.09955
2024-09-03,130.59718,391.0299
2024-09-04,107.72849,288.0509
2024-09-05,104.22832,334.79745
2024-09-06,111.83,382.20245
2024-09-07,87.25226,289.25238
2024-09-08,143.19293,276.43716
2024-09-09,110.61146,334.91852
2024-09-10,93.66292,293.45505
2024-09-11,87.65608,303.836
2024-09-12,25.278873,459.77444
2024-09-13,33.362907,397.9445
2024-09-14,147.30026,433.86014
2024-09-15,163.61827,406.26978
2024-09-16,191.29138,477.57425
2024-09-17,102.379166,327.64587
2024-09-18,96.245346,359.58255
2024-09-19,106.81594,469.13535
2024-09-20,167.43134,385.59225
2024-09-21,168.5447,278.08267
2024-09-22,164.05353,368.65234
2024-09-23,186.9691,331.56976
2024-09-24,173.09387,323.51828
2024-09-25,161.80043,462.1762
2024-09-26,128.08891,491.4087
2024-09-27,149.5073,615.9518
2024-09-28,142.42027,420.89474
2024-09-29,175.12984,290.15543
2024-09-30,180.3295,424.307
2024-10-01,181.93115,410.7366
2024-10-02,185.12311,303.4641
2024-10-03,187.28612,218.17636
2024-10-04,182.4753,245.23958
2024-10-05,169.78209,274.49866
2024-10-06,172.76865,317.47293
2024-10-07,181.34674,230.97424
2024-10-08,175.2322,321.66528
2024-10-09,177.25714,346.6041
2024-10-10,174.9183,269.7119
2024-10-11,180.19965,364.43356
2024-10-12,178.29222,364.94974
2024-10-13,168.29463,300.74072
2024-10-14,175.67157,262.003
2024-10-15,174.72401,316.10925
2024-10-16,166.7534,258.56525
2024-10-17,163.208,242.91286
2024-10-18,168.92758,262.4094
2024-10-19,167.70985,197.42688
2024-10-20,161.3907,294.3576
2024-10-21,164.47064,287.14542
2024-10-22,163.96434,325.1793
2024-10-23,160.65382,412.7642
2024-10-24,165.38147,260.8134
2024-10-25,162.72954,286.66025
2024-10-26,162.11404,226.86778
2024-10-27,157.46693,285.66547
2024-10-28,155.02718,331.50296
2024-10-29,154.61969,270.91608
2024-10-30,155.78082,163.52176
2024-10-31,155.99123,307.52127
2024-11-01,158.3656,318.15085
2024-11-02,155.5959,295.13113
2024-11-03,152.91112,247.97621
2024-11-04,152.23497,252.13911
2024-11-05,149.71649,288.92456
2024-11-06,148.05591,310.5536
2024-11-07,143.84662,330.35577
2024-11-08,142.41302,335.06628
2024-11-09,135.19238,324.33734
2024-11-10,140.45691,226.54686
2024-11-11,133.82329,332.65396
2024-11-12,142.6123,298.11542
2024-11-13,145.0249,281.19067
2024-11-14,142.04274,201.74059
2024-11-15,141.01765,320.37634
2024-11-16,140.0336,245.15276
2024-11-17,138.77547,283.552
2024-11-18,140.72592,342.41333
2024-11-19,141.42026,320.0309
2024-11-20,141.86789,251.56715
2024-11-21,141.07133,257.83817
2024-11-22,138.25998,246.4203
2024-11-23,135.89658,227.67416
2024-11-24,136.12325,203.20462
2024-11-25,136.1312,295.33957
2024-11-26,136.84053,246.22581
2024-11-27,136.7895,243.84944
2024-11-28,137.35638,207.50545
2024-11-29,135.37587,213.9341
2024-11-30,133.51263,201.9324
2024-12-01,131.13998,178.25894
2024-12-02,132.89069,160.13388
2024-12-03,132.95303,168.33968
2024-12-04,132.71857,275.83896
2024-12-05,136.08592,256.58264
2024-12-06,134.8514,272.87555
2024-12-07,134.45602,255.96198
2024-12-08,128.14282,251.15091
2024-12-09,129.45332,237.85864
2024-12-10,134.17386,316.2143
2024-12-11,136.4367,192.43146
2024-12-12,135.37297,210.3593
2024-12-13,136.71432,325.0593
2024-12-14,135.76347,201.69885
2024-12-15,135.9878,135.05711
2024-12-16,135.41193,126.69617
2024-12-17,133.48349,141.6399
2024-12-18,134.0801,157.92702
2024-12-19,131.80606,205.67749
2024-12-20,124.46577,159.04105
2024-12-21,131.75346,122.87884
2024-12-22,131.75502,177.63191
2024-12-23,80.07498,273.30038
2024-12-24,106.01551,213.38332
2024-12-25,127.179306,186.32426
2024-12-26,130.30206,142.41821
2024-12-27,33.321457,257.2328
2024-12-28,28.574167,258.6593
2024-12-29,105.27714,314.41837
2024-12-30,131.94312,200.41238
2024-12-31,73.32479,151.1243
2025-01-01,132.44693,150.36815
2025-01-02,133.04428,151.6673
2025-01-03,128.33183,84.821655
2025-01-04,137.99513,85.77849
2025-01-05,89.27407,170.5979
2025-01-06,87.75849,206.35077
2025-01-07,138.55482,246.50882
2025-01-08,140.75502,211.6662
2025-01-09,141.31277,120.3686
2025-01-10,141.7745,160.66422
2025-01-11,121.90006,222.77167
2025-01-12,82.96169,159.56987
2025-01-13,139.96315,207.63449
2025-01-14,146.3771,148.6538
2025-01-15,95.47892,166.36357
2025-01-16,110.769394,142.43736
2025-01-17,149.94037,227.2024
2025-01-18,124.75785,87.3615
2025-01-19,144.3634,99.59616
2025-01-20,146.17351,214.60583
2025-01-21,150.90306,189.3912
2025-01-22,148.74597,103.630264
2025-01-23,140.93588,201.16968
2025-01-24,157.88171,281.30334
2025-01-25,161.96962,200.29552
2025-01-26,163.98251,166.52806
2025-01-27,164.21417,192.04034
2025-01-28,164.03267,144.04764
2025-01-29,157.52277,199.99881
2025-01-30,158.96219,161.48439
2025-01-31,161.4749,116.671875
2025-02-01,149.96512,212.44861
2025-02-02,162.42159,276.80188
2025-02-03,169.7145,162.96034
2025-02-04,92.98545,125.859375
2025-02-05,171.52217,314.3139
2025-02-06,176.66493,532.8719
2025-02-07,176.85866,423.95392
2025-02-08,173.02534,215.27028
2025-02-09,176.02736,133.95511
2025-02-10,162.63625,136.82959
2025-02-11,175.33095,139.4793
2025-02-12,180.88567,472.26068
2025-02-13,184.76773,517.97845
2025-02-14,180.49278,367.98248
2025-02-15,174.60829,158.76085
2025-02-16,169.63031,200.06114
2025-02-17,177.29343,198.05327
2025-02-18,161.40048,226.44577
2025-02-19,157.25102,168.10738
2025-02-20,125.83112,488.0621
2025-02-21,175.8385,367.7784
2025-02-22,188.43877,423.68045
2025-02-23,194.0425,306.03632
2025-02-24,195.94206,308.6323
2025-02-25,166.42403,233.98837
2025-02-26,175.70764,161.41635
2025-02-27,68.61737,291.7018
2025-02-28,90.18326,456.94846
2025-03-01,153.51512,381.35587
2025-03-02,206.61867,323.16232
2025-03-03,198.13405,193.01332
2025-03-04,207.80548,842.18854
2025-03-05,218.52031,833.9612
2025-03-06,216.6394,366.8791
2025-03-07,214.3901,305.9859
2025-03-08,217.6618,307.1438
2025-03-09,214.05508,256.99594
2025-03-10,202.31918,276.08325
2025-03-11,198.32889,224.23961
2025-03-12,211.08368,362.02045
2025-03-13,213.94481,287.6456
2025-03-14,196.56812,340.5135
2025-03-15,203.32219,485.19513
2025-03-16,203.12265,525.52313
2025-03-17,224.56392,794.4988
2025-03-18,229.831,610.9102
2025-03-19,219.6248,380.66016
2025-03-20,226.43968,412.03696
2025-03-21,231.05621,600.43835
2025-03-22,229.0404,782.4298
2025-03-23,234.27132,456.46527
2025-03-24,233.70494,412.9778
2025-03-25,234.00264,324.67557
2025-03-26,234.31406,326.87378
2025-03-27,229.7678,525.0754
2025-03-28,243.3899,841.4396
2025-03-29,216.71198,613.18774
2025-03-30,245.08215,555.00525
2025-03-31,245.63528,519.36646
2025-04-01,247.50452,756.2672
2025-04-02,247.54292,399.9636
2025-04-03,239.0305,296.7264
2025-04-04,242.76282,740.63904
2025-04-05,245.41159,785.61206
2025-04-06,244.01735,550.6092
2025-04-07,240.84009,497.62024
2025-04-08,240.21486,548.4308
2025-04-09,208.7141,416.78983
2025-04-10,211.3965,484.7792
2025-04-11,217.21103,828.40485
2025-04-12,224.1093,610.7357
2025-04-13,233.16643,1126.7306
2025-04-14,242.42847,1105.9078
2025-04-15,220.5548,1011.6443
2025-04-16,233.82669,1085.3463
2025-04-17,230.82576,730.2525
2025-04-18,238.09831,758.8399
2025-04-19,236.32854,1063.1526
2025-04-20,235.08679,1042.5146
2025-04-21,250.64412,817.441
2025-04-22,261.5363,1026.2991
2025-04-23,261.89014,1129.659
2025-04-24,258.8286,1165.2803
2025-04-25,252.62991,878.177
2025-04-26,189.9201,1174.6057
2025-04-27,253.79773,1087.0724
2025-04-28,237.26636,900.5323
2025-04-29,249.50424,811.7093
2025-04-30,242.40811,1141.3857
2025-05-01,230.97513,1133.0787
2025-05-02,241.1277,584.9512
2025-05-03,235.95793,597.803
2025-05-04,221.6144,741.16504
2025-05-05,234.6002,712.73755
2025-05-06,223.08377,752.23065
2025-05-07,203.14664,790.87897
2025-05-08,212.68842,855.72327
2025-05-09,213.90121,648.15607
2025-05-10,227.0717,706.8162
2025-05-11,245.8615,956.6238
2025-05-12,246.79399,1115.2413
2025-05-13,243.91461,871.8599
2025-05-14,255.29843,1047.4016
2025-05-15,258.3604,1074.1034
2025-05-16,253.1857,1017.3928
2025-05-17,226.76723,863.05493
2025-05-18,244.19402,978.6961
2025-05-19,246.58011,1043.1886
2025-05-20,246.99649,1006.83923
2025-05-21,228.15916,826.15564
2025-05-22,242.88417,767.70544
2025-05-23,243.92888,914.7963
2025-05-24,220.53355,1115.9803
2025-05-25,208.02078,735.7363
2025-05-26,223.93266,716.3169
2025-05-27,193.6927,739.77075
2025-05-28,241.12186,859.843
2025-05-29,231.19528,670.23236
2025-05-30,192.75821,678.7781
2025-05-31,228.77821,766.84174
2025-06-01,221.7512,735.1161
2025-06-02,208.82974,662.0256
2025-06-03,194.15576,695.716
2025-06-04,163.47847,716.80804
2025-06-05,198.02826,862.2919
2025-06-06,235.99744,932.78174
2025-06-07,247.28613,1093.8411
2025-06-08,244.48618,1127.287
2025-06-09,249.40132,904.085
2025-06-10,254.41414,923.60944
2025-06-11,249.16266,976.3156
2025-06-12,230.45076,1053.5771
2025-06-13,224.83817,899.2309
2025-06-14,239.69817,1082.1958
2025-06-15,184.08463,575.7186
2025-06-16,145.87527,601.393
2025-06-17,87.416756,488.56
2025-06-18,114.59891,391.38605
2025-06-19,164.26485,523.9992
2025-06-20,95.02066,479.97183
2025-06-21,188.78355,412.6911
2025-06-22,188.03224,490.25443
2025-06-23,178.04625,507.36932
2025-06-24,181.68367,537.82074
2025-06-25,129.65723,529.6874
2025-06-26,188.16336,679.2053
2025-06-27,183.52016,523.0687
2025-06-28,160.75974,441.82123
2025-06-29,127.154564,437.09247
2025-06-30,130.49652,329.89133
2025-07-01,160.15387,408.1875
2025-07-02,153.45377,558.02734
2025-07-03,129.26187,572.4001
2025-07-04,129.67255,443.97784
2025-07-05,175.82883,464.72998
2025-07-06,154.95334,416.95337
2025-07-07,127.11329,350.02826
2025-07-08,169.32715,395.82687
2025-07-09,137.99234,395.94366
2025-07-10,53.349945,273.91647
2025-07-11,147.09688,337.65433
2025-07-12,183.82538,313.39874
2025-07-13,146.79724,495.62677
2025-07-14,125.88098,768.29456
2025-07-15,136.1261,661.7539
2025-07-16,164.1823,430.32077
2025-07-17,58.54059,405.98724
2025-07-18,171.35341,893.9103
2025-07-19,175.22206,779.6595
2025-07-20,181.07715,522.80145
2025-07-21,74.3721,324.7834
2025-07-22,138.72177,381.50137
2025-07-23,64.1368,300.78162
2025-07-24,188.50697,541.77625
2025-07-25,188.35861,608.70935
2025-07-26,126.909164,426.70062
2025-07-27,182.18433,532.0886
2025-07-28,173.215,398.7094
2025-07-29,99.68209,253.58324
2025-07-30,57.19563,391.4924
2025-07-31,43.282047,327.52612
2025-08-01,77.73411,336.34158
2025-08-02,122.45387,497.93732
2025-08-03,122.43555,460.2974
2025-08-04,108.00941,427.4463
2025-08-05,107.788055,472.69196
2025-08-06,165.95906,411.9876
2025-08-07,201.89763,603.4519
2025-08-08,193.78479,436.4118
2025-08-09,49.776737,247.4104
2025-08-10,123.9875,433.616
2025-08-11,126.645676,306.75272
2025-08-12,183.65617,430.71887
2025-08-13,173.87132,464.70868
2025-08-14,73.64258,266.10013
2025-08-15,134.82019,374.78513
2025-08-16,140.64005,375.7554
2025-08-17,138.20348,457.71225
2025-08-18,138.58595,554.6035
2025-08-19,196.20511,539.2466
2025-08-20,177.26,682.6591
2025-08-21,155.13318,385.9271
2025-08-22,158.41794,299.09912
2025-08-23,101.114624,320.868
2025-08-24,112.61009,477.15198
2025-08-25,52.26711,622.0076
2025-08-26,121.31646,578.52637
2025-08-27,153.41472,404.90173
2025-08-28,130.90912,408.30414
2025-08-29,129.20998,464.1991
2025-08-30,108.68121,485.87076
2025-08-31,47.714176,401.92667
2025-09-01,62.643044,477.23047
2025-09-02,68.68376,511.2355
2025-09-03,115.56873,343.90228
2025-09-04,180.11534,378.21445
2025-09-05,91.889984,668.7583
2025-09-06,158.94049,552.205
2025-09-07,144.66011,421.8176
2025-09-08,155.70378,384.24023
2025-09-09,191.81969,550.15826
2025-09-10,195.5769,783.7321
2025-09-11,191.2768,676.0812
2025-09-12,181.55821,463.57922
2025-09-13,160.14612,350.71423
2025-09-14,187.7678,375.51276
2025-09-15,196.0307,350.43704
2025-09-16,183.3942,342.70352
2025-09-17,173.37865,353.57114
2025-09-18,166.84764,338.6684
2025-09-19,165.45511,438.012
2025-09-20,191.63058,538.86646
2025-09-21,192.93771,436.68524
2025-09-22,190.55869,518.73114
2025-09-23,195.80281,509.6853
2025-09-24,197.50526,424.35785
2025-09-25,195.30446,413.56345
2025-09-26,195.52988,406.13187
2025-09-27,186.30823,338.07858
2025-09-28,175.6707,492.37073
2025-09-29,159.35997,442.15503
2025-09-30,134.85844,356.12338
2025-10-01,142.6263,344.97415
2025-10-02,146.72552,436.95096
2025-10-03,141.52844,358.82462
2025-10-04,170.0594,370.28616
2025-10-05,178.52101,354.24768
2025-10-06,146.6213,314.82544
2025-10-07,46.625145,335.42053
2025-10-08,130.54709,377.74622
2025-10-09,175.1625,352.85498
2025-10-10,178.22362,343.64172
2025-10-11,177.14848,375.48227
2025-10-12,178.60152,298.0594
2025-10-13,178.13625,305.3488
2025-10-14,177.86043,317.0364
2025-10-15,171.4939,434.2264
2025-10-16,175.66354,334.14334
2025-10-17,172.19621,319.9203
2025-10-18,166.76833,327.1658
2025-10-19,163.04968,359.43658
2025-10-20,155.6584,318.6971
2025-10-21,118.3729,250.2636
2025-10-22,161.03278,315.29297
2025-10-23,167.4573,321.52258
2025-10-24,165.42738,393.64383
2025-10-25,163.43242,515.07764
2025-10-26,164.15302,354.1984
2025-10-27,135.17842,388.8308
2025-10-28,131.87123,327.7055
2025-10-29,148.8051,243.45222
2025-10-30,50.329365,267.01062
2025-10-31,143.02074,280.701
2025-11-01,153.8695,390.2838
2025-11-02,156.5183,416.25302
2025-11-03,158.61848,246.32657
2025-11-04,118.85144,168.2962
2025-11-05,150.95995,250.41467
2025-11-06,160.03543,314.52905
2025-11-07,156.81342,221.23965
2025-11-08,157.9438,250.57292
2025-11-09,155.89941,249.60715
2025-11-10,154.16943,240.66313
2025-11-11,153.28928,260.33813
2025-11-12,152.56056,259.1229
2025-11-13,151.15799,274.54535
2025-11-14,150.28658,218.23413
2025-11-15,149.80205,212.51492
2025-11-16,149.19507,205.34035
2025-11-17,146.79028,189.68324
2025-11-18,143.61519,216.17876
2025-11-19,141.80498,216.973
2025-11-20,140.4004,229.52704
2025-11-21,138.38219,304.7438
2025-11-22,138.97058,334.3114
2025-11-23,139.13786,243.1989
2025-11-24,138.86818,239.72136
2025-11-25,139.74051,230.18637
2025-11-26,139.65999,204.84422
2025-11-27,138.64742,181.9353
2025-11-28,135.00865,178.19363
2025-11-29,134.81021,164.786
2025-11-30,138.55386,216.43439
2025-12-01,139.05272,150.1937
2025-12-02,132.6536,146.07843
2025-12-03,138.19348,184.11023
2025-12-04,137.86493,180.15576
2025-12-05,135.6614,211.62027
2025-12-06,249.07935,292.51273
