datetime,value
2019-01-01 00:00:00+05:30,261.30434782608694
2019-01-02 00:00:00+05:30,278.5
2019-01-03 00:00:00+05:30,345.375
2019-01-04 00:00:00+05:30,238.375
2019-01-05 00:00:00+05:30,225.91666666666666
2019-01-06 00:00:00+05:30,169.0
2019-01-07 00:00:00+05:30,185.04166666666666
2019-01-08 00:00:00+05:30,177.45833333333334
2019-01-09 00:00:00+05:30,134.66666666666666
2019-01-10 00:00:00+05:30,149.8695652173913
2019-01-11 00:00:00+05:30,249.125
2019-01-12 00:00:00+05:30,233.66666666666666
2019-01-13 00:00:00+05:30,249.29166666666666
2019-01-14 00:00:00+05:30,82.69565217391305
2019-01-15 00:00:00+05:30,115.75
2019-01-16 00:00:00+05:30,235.20833333333334
2019-01-17 00:00:00+05:30,293.42857142857144
2019-01-18 00:00:00+05:30,228.66666666666666
2019-01-19 00:00:00+05:30,222.29166666666666
2019-01-20 00:00:00+05:30,219.25
2019-01-21 00:00:00+05:30,142.04166666666666
2019-01-22 00:00:00+05:30,45.22222222222222
2019-01-23 00:00:00+05:30,141.61904761904762
2019-01-24 00:00:00+05:30,128.0
2019-01-25 00:00:00+05:30,78.16666666666667
2019-01-26 00:00:00+05:30,104.20833333333333
2019-01-27 00:00:00+05:30,140.95833333333334
2019-01-28 00:00:00+05:30,112.18181818181819
2019-01-29 00:00:00+05:30,123.31818181818181
2019-01-30 00:00:00+05:30,195.08333333333334
2019-01-31 00:00:00+05:30,215.83333333333334
2019-02-01 00:00:00+05:30,177.8181818181818
2019-02-02 00:00:00+05:30,197.20833333333334
2019-02-03 00:00:00+05:30,141.5
2019-02-04 00:00:00+05:30,126.17647058823529
2019-02-05 00:00:00+05:30,181.20833333333334
2019-02-06 00:00:00+05:30,187.7058823529412
2019-02-07 00:00:00+05:30,194.83333333333334
2019-02-08 00:00:00+05:30,59.333333333333336
2019-02-09 00:00:00+05:30,96.73684210526316
2019-02-10 00:00:00+05:30,158.36363636363637
2019-02-11 00:00:00+05:30,
2019-02-12 00:00:00+05:30,
2019-02-13 00:00:00+05:30,
2019-02-14 00:00:00+05:30,
2019-02-15 00:00:00+05:30,
2019-02-16 00:00:00+05:30,
2019-02-17 00:00:00+05:30,
2019-02-18 00:00:00+05:30,
2019-02-19 00:00:00+05:30,
2019-02-20 00:00:00+05:30,
2019-02-21 00:00:00+05:30,
2019-02-22 00:00:00+05:30,
2019-02-23 00:00:00+05:30,
2019-02-24 00:00:00+05:30,
2019-02-25 00:00:00+05:30,
2019-02-26 00:00:00+05:30,
2019-02-27 00:00:00+05:30,
2019-02-28 00:00:00+05:30,
2019-03-01 00:00:00+05:30,
2019-03-02 00:00:00+05:30,
2019-03-03 00:00:00+05:30,
2019-03-04 00:00:00+05:30,
2019-03-05 00:00:00+05:30,
2019-03-06 00:00:00+05:30,
2019-03-07 00:00:00+05:30,
2019-03-08 00:00:00+05:30,
2019-03-09 00:00:00+05:30,
2019-03-10 00:00:00+05:30,
2019-03-11 00:00:00+05:30,
2019-03-12 00:00:00+05:30,
2019-03-13 00:00:00+05:30,
2019-03-14 00:00:00+05:30,
2019-03-15 00:00:00+05:30,
2019-03-16 00:00:00+05:30,
2019-03-17 00:00:00+05:30,
2019-03-18 00:00:00+05:30,45.0
2019-03-19 00:00:00+05:30,90.5
2019-03-20 00:00:00+05:30,71.42083333333333
2019-03-21 00:00:00+05:30,119.89583333333333
2019-03-22 00:00:00+05:30,35.574999999999996
2019-03-23 00:00:00+05:30,48.45416666666667
2019-03-24 00:00:00+05:30,57.12916666666666
2019-03-25 00:00:00+05:30,65.05416666666666
2019-03-26 00:00:00+05:30,79.65
2019-03-27 00:00:00+05:30,66.43478260869566
2019-03-28 00:00:00+05:30,73.0
2019-03-29 00:00:00+05:30,82.95833333333333
2019-03-30 00:00:00+05:30,83.29166666666667
2019-03-31 00:00:00+05:30,51.791666666666664
2019-04-01 00:00:00+05:30,65.75
2019-04-02 00:00:00+05:30,65.16666666666667
2019-04-03 00:00:00+05:30,72.375
2019-04-04 00:00:00+05:30,92.6086956521739
2019-04-05 00:00:00+05:30,77.25
2019-04-06 00:00:00+05:30,73.75
2019-04-07 00:00:00+05:30,135.91666666666666
2019-04-08 00:00:00+05:30,68.08333333333333
2019-04-09 00:00:00+05:30,68.79166666666667
2019-04-10 00:00:00+05:30,87.29166666666667
2019-04-11 00:00:00+05:30,58.333333333333336
2019-04-12 00:00:00+05:30,56.875
2019-04-13 00:00:00+05:30,45.875
2019-04-14 00:00:00+05:30,47.208333333333336
2019-04-15 00:00:00+05:30,50.708333333333336
2019-04-16 00:00:00+05:30,59.708333333333336
2019-04-17 00:00:00+05:30,19.416666666666668
2019-04-18 00:00:00+05:30,35.875
2019-04-19 00:00:00+05:30,79.29166666666667
2019-04-20 00:00:00+05:30,90.91666666666667
2019-04-21 00:00:00+05:30,81.91666666666667
2019-04-22 00:00:00+05:30,98.20833333333333
2019-04-23 00:00:00+05:30,93.875
2019-04-24 00:00:00+05:30,78.47826086956522
2019-04-25 00:00:00+05:30,85.875
2019-04-26 00:00:00+05:30,81.13636363636364
2019-04-27 00:00:00+05:30,74.33333333333333
2019-04-28 00:00:00+05:30,98.33333333333333
2019-04-29 00:00:00+05:30,95.36363636363636
2019-04-30 00:00:00+05:30,88.45833333333333
2019-05-01 00:00:00+05:30,100.20833333333333
2019-05-02 00:00:00+05:30,79.58333333333333
2019-05-03 00:00:00+05:30,112.5
2019-05-04 00:00:00+05:30,90.375
2019-05-05 00:00:00+05:30,130.6818181818182
2019-05-06 00:00:00+05:30,115.68181818181819
2019-05-07 00:00:00+05:30,117.41666666666667
2019-05-08 00:00:00+05:30,156.65217391304347
2019-05-09 00:00:00+05:30,158.375
2019-05-10 00:00:00+05:30,126.69565217391305
2019-05-11 00:00:00+05:30,109.0
2019-05-12 00:00:00+05:30,227.375
2019-05-13 00:00:00+05:30,203.95833333333334
2019-05-14 00:00:00+05:30,47.666666666666664
2019-05-15 00:00:00+05:30,68.875
2019-05-16 00:00:00+05:30,65.20833333333333
2019-05-17 00:00:00+05:30,68.33333333333333
2019-05-18 00:00:00+05:30,41.958333333333336
2019-05-19 00:00:00+05:30,86.54166666666667
2019-05-20 00:00:00+05:30,90.125
2019-05-21 00:00:00+05:30,78.52173913043478
2019-05-22 00:00:00+05:30,55.166666666666664
2019-05-23 00:00:00+05:30,81.78260869565217
2019-05-24 00:00:00+05:30,40.166666666666664
2019-05-25 00:00:00+05:30,41.333333333333336
2019-05-26 00:00:00+05:30,53.25
2019-05-27 00:00:00+05:30,51.0
2019-05-28 00:00:00+05:30,62.958333333333336
2019-05-29 00:00:00+05:30,61.25
2019-05-30 00:00:00+05:30,71.95
2019-05-31 00:00:00+05:30,69.66666666666667
2019-06-01 00:00:00+05:30,82.16666666666667
2019-06-02 00:00:00+05:30,89.0
2019-06-03 00:00:00+05:30,59.21739130434783
2019-06-04 00:00:00+05:30,53.458333333333336
2019-06-05 00:00:00+05:30,62.958333333333336
2019-06-06 00:00:00+05:30,58.55
2019-06-07 00:00:00+05:30,48.666666666666664
2019-06-08 00:00:00+05:30,44.733333333333334
2019-06-09 00:00:00+05:30,63.2
2019-06-10 00:00:00+05:30,53.08695652173913
2019-06-11 00:00:00+05:30,97.83333333333333
2019-06-12 00:00:00+05:30,50.666666666666664
2019-06-13 00:00:00+05:30,43.166666666666664
2019-06-14 00:00:00+05:30,43.166666666666664
2019-06-15 00:00:00+05:30,70.70833333333333
2019-06-16 00:00:00+05:30,43.291666666666664
2019-06-17 00:00:00+05:30,39.44444444444444
2019-06-18 00:00:00+05:30,27.23076923076923
2019-06-19 00:00:00+05:30,25.0
2019-06-20 00:00:00+05:30,39.333333333333336
2019-06-21 00:00:00+05:30,63.875
2019-06-22 00:00:00+05:30,62.5
2019-06-23 00:00:00+05:30,35.583333333333336
2019-06-24 00:00:00+05:30,24.083333333333332
2019-06-25 00:00:00+05:30,53.708333333333336
2019-06-26 00:00:00+05:30,63.875
2019-06-27 00:00:00+05:30,56.22222222222222
2019-06-28 00:00:00+05:30,58.083333333333336
2019-06-29 00:00:00+05:30,57.416666666666664
2019-06-30 00:00:00+05:30,67.95833333333333
2019-07-01 00:00:00+05:30,56.94736842105263
2019-07-02 00:00:00+05:30,62.857142857142854
2019-07-03 00:00:00+05:30,32.523809523809526
2019-07-04 00:00:00+05:30,32.458333333333336
2019-07-05 00:00:00+05:30,44.875
2019-07-06 00:00:00+05:30,31.4375
2019-07-07 00:00:00+05:30,34.916666666666664
2019-07-08 00:00:00+05:30,49.791666666666664
2019-07-09 00:00:00+05:30,44.625
2019-07-10 00:00:00+05:30,76.375
2019-07-11 00:00:00+05:30,75.79166666666667
2019-07-12 00:00:00+05:30,71.18181818181819
2019-07-13 00:00:00+05:30,60.625
2019-07-14 00:00:00+05:30,63.791666666666664
2019-07-15 00:00:00+05:30,43.38095238095238
2019-07-16 00:00:00+05:30,34.34782608695652
2019-07-17 00:00:00+05:30,34.31818181818182
2019-07-18 00:00:00+05:30,28.583333333333332
2019-07-19 00:00:00+05:30,58.59090909090909
2019-07-20 00:00:00+05:30,43.791666666666664
2019-07-21 00:00:00+05:30,42.916666666666664
2019-07-22 00:00:00+05:30,51.916666666666664
2019-07-23 00:00:00+05:30,65.29166666666667
2019-07-24 00:00:00+05:30,57.291666666666664
2019-07-25 00:00:00+05:30,20.708333333333332
2019-07-26 00:00:00+05:30,29.708333333333332
2019-07-27 00:00:00+05:30,23.291666666666668
2019-07-28 00:00:00+05:30,18.708333333333332
2019-07-29 00:00:00+05:30,18.083333333333332
2019-07-30 00:00:00+05:30,25.0
2019-07-31 00:00:00+05:30,25.875
2019-08-01 00:00:00+05:30,29.833333333333332
2019-08-02 00:00:00+05:30,33.041666666666664
2019-08-03 00:00:00+05:30,35.375
2019-08-04 00:00:00+05:30,50.541666666666664
2019-08-05 00:00:00+05:30,48.333333333333336
2019-08-06 00:00:00+05:30,27.791666666666668
2019-08-07 00:00:00+05:30,30.666666666666668
2019-08-08 00:00:00+05:30,21.916666666666668
2019-08-09 00:00:00+05:30,12.625
2019-08-10 00:00:00+05:30,14.5
2019-08-11 00:00:00+05:30,23.5
2019-08-12 00:00:00+05:30,20.0
2019-08-13 00:00:00+05:30,21.5
2019-08-14 00:00:00+05:30,30.666666666666668
2019-08-15 00:00:00+05:30,29.291666666666668
2019-08-16 00:00:00+05:30,16.375
2019-08-17 00:00:00+05:30,9.5
2019-08-18 00:00:00+05:30,14.0
2019-08-19 00:00:00+05:30,37.041666666666664
2019-08-20 00:00:00+05:30,45.23529411764706
2019-08-21 00:00:00+05:30,44.95454545454545
2019-08-22 00:00:00+05:30,48.38461538461539
2019-08-23 00:00:00+05:30,52.36363636363637
2019-08-24 00:00:00+05:30,67.85714285714286
2019-08-25 00:00:00+05:30,
2019-08-26 00:00:00+05:30,19.53846153846154
2019-08-27 00:00:00+05:30,38.75
2019-08-28 00:00:00+05:30,36.583333333333336
2019-08-29 00:00:00+05:30,32.041666666666664
2019-08-30 00:00:00+05:30,33.583333333333336
2019-08-31 00:00:00+05:30,45.791666666666664
2019-09-01 00:00:00+05:30,29.625
2019-09-02 00:00:00+05:30,47.25
2019-09-03 00:00:00+05:30,67.16666666666667
2019-09-04 00:00:00+05:30,73.79166666666667
2019-09-05 00:00:00+05:30,29.666666666666668
2019-09-06 00:00:00+05:30,28.416666666666668
2019-09-07 00:00:00+05:30,28.125
2019-09-08 00:00:00+05:30,32.208333333333336
2019-09-09 00:00:00+05:30,51.916666666666664
2019-09-10 00:00:00+05:30,57.75
2019-09-11 00:00:00+05:30,74.0
2019-09-12 00:00:00+05:30,53.875
2019-09-13 00:00:00+05:30,29.304347826086957
2019-09-14 00:00:00+05:30,25.25
2019-09-15 00:00:00+05:30,36.875
2019-09-16 00:00:00+05:30,55.416666666666664
2019-09-17 00:00:00+05:30,56.208333333333336
2019-09-18 00:00:00+05:30,33.375
2019-09-19 00:00:00+05:30,19.958333333333332
2019-09-20 00:00:00+05:30,30.916666666666668
2019-09-21 00:00:00+05:30,34.25
2019-09-22 00:00:00+05:30,22.75
2019-09-23 00:00:00+05:30,31.041666666666668
2019-09-24 00:00:00+05:30,32.666666666666664
2019-09-25 00:00:00+05:30,29.708333333333332
2019-09-26 00:00:00+05:30,16.791666666666668
2019-09-27 00:00:00+05:30,11.916666666666666
2019-09-28 00:00:00+05:30,17.166666666666668
2019-09-29 00:00:00+05:30,13.541666666666666
2019-09-30 00:00:00+05:30,27.416666666666668
2019-10-01 00:00:00+05:30,29.583333333333332
2019-10-02 00:00:00+05:30,36.625
2019-10-03 00:00:00+05:30,49.666666666666664
2019-10-04 00:00:00+05:30,46.375
2019-10-05 00:00:00+05:30,36.333333333333336
2019-10-06 00:00:00+05:30,54.1875
2019-10-07 00:00:00+05:30,53.541666666666664
2019-10-08 00:00:00+05:30,40.416666666666664
2019-10-09 00:00:00+05:30,72.625
2019-10-10 00:00:00+05:30,86.73913043478261
2019-10-11 00:00:00+05:30,117.625
2019-10-12 00:00:00+05:30,59.0
2019-10-13 00:00:00+05:30,59.0
2019-10-14 00:00:00+05:30,59.0
2019-10-15 00:00:00+05:30,104.08333333333333
2019-10-16 00:00:00+05:30,132.41666666666666
2019-10-17 00:00:00+05:30,106.83333333333333
2019-10-18 00:00:00+05:30,82.25
2019-10-19 00:00:00+05:30,77.70833333333333
2019-10-20 00:00:00+05:30,95.29166666666667
2019-10-21 00:00:00+05:30,109.29166666666667
2019-10-22 00:00:00+05:30,88.82608695652173
2019-10-23 00:00:00+05:30,102.70833333333333
2019-10-24 00:00:00+05:30,139.0
2019-10-25 00:00:00+05:30,114.08333333333333
2019-10-26 00:00:00+05:30,127.70833333333333
2019-10-27 00:00:00+05:30,175.58333333333334
2019-10-28 00:00:00+05:30,242.1904761904762
2019-10-29 00:00:00+05:30,265.5833333333333
2019-10-30 00:00:00+05:30,252.25
2019-10-31 00:00:00+05:30,298.3333333333333
2019-11-01 00:00:00+05:30,378.3636363636364
2019-11-02 00:00:00+05:30,340.5416666666667
2019-11-03 00:00:00+05:30,586.875
2019-11-04 00:00:00+05:30,265.85
2019-11-05 00:00:00+05:30,188.95833333333334
2019-11-06 00:00:00+05:30,92.54166666666667
2019-11-07 00:00:00+05:30,205.33333333333334
2019-11-08 00:00:00+05:30,150.875
2019-11-09 00:00:00+05:30,143.79166666666666
2019-11-10 00:00:00+05:30,189.45833333333334
2019-11-11 00:00:00+05:30,248.33333333333334
2019-11-12 00:00:00+05:30,378.5
2019-11-13 00:00:00+05:30,408.2083333333333
2019-11-14 00:00:00+05:30,399.875
2019-11-15 00:00:00+05:30,460.1304347826087
2019-11-16 00:00:00+05:30,178.91666666666666
2019-11-17 00:00:00+05:30,100.58333333333333
2019-11-18 00:00:00+05:30,98.66666666666667
2019-11-19 00:00:00+05:30,119.0
2019-11-20 00:00:00+05:30,140.45833333333334
2019-11-21 00:00:00+05:30,198.22727272727272
2019-11-22 00:00:00+05:30,172.125
2019-11-23 00:00:00+05:30,128.45833333333334
2019-11-24 00:00:00+05:30,110.0
2019-11-25 00:00:00+05:30,115.5
2019-11-26 00:00:00+05:30,98.33333333333333
2019-11-27 00:00:00+05:30,63.125
2019-11-28 00:00:00+05:30,32.416666666666664
2019-11-29 00:00:00+05:30,56.291666666666664
2019-11-30 00:00:00+05:30,106.5
2019-12-01 00:00:00+05:30,132.25
2019-12-02 00:00:00+05:30,131.875
2019-12-03 00:00:00+05:30,128.5
2019-12-04 00:00:00+05:30,127.875
2019-12-05 00:00:00+05:30,247.54166666666666
2019-12-06 00:00:00+05:30,253.20833333333334
2019-12-07 00:00:00+05:30,234.95833333333334
2019-12-08 00:00:00+05:30,229.83333333333334
2019-12-09 00:00:00+05:30,191.75
2019-12-10 00:00:00+05:30,216.5
2019-12-11 00:00:00+05:30,254.79166666666666
2019-12-12 00:00:00+05:30,260.875
2019-12-13 00:00:00+05:30,103.5
2019-12-14 00:00:00+05:30,86.41666666666667
2019-12-15 00:00:00+05:30,99.25
2019-12-16 00:00:00+05:30,100.33333333333333
2019-12-17 00:00:00+05:30,104.16666666666667
2019-12-18 00:00:00+05:30,149.58333333333334
2019-12-19 00:00:00+05:30,282.625
2019-12-20 00:00:00+05:30,334.2083333333333
2019-12-21 00:00:00+05:30,281.9166666666667
2019-12-22 00:00:00+05:30,152.69565217391303
2019-12-23 00:00:00+05:30,193.04166666666666
2019-12-24 00:00:00+05:30,296.3333333333333
2019-12-25 00:00:00+05:30,177.45833333333334
2019-12-26 00:00:00+05:30,219.04166666666666
2019-12-27 00:00:00+05:30,246.08333333333334
2019-12-28 00:00:00+05:30,299.125
2019-12-29 00:00:00+05:30,368.0416666666667
2019-12-30 00:00:00+05:30,352.875
2019-12-31 00:00:00+05:30,236.79166666666666
2020-01-01 00:00:00+05:30,319.5
2020-01-02 00:00:00+05:30,286.7916666666667
2020-01-03 00:00:00+05:30,223.33333333333334
2020-01-04 00:00:00+05:30,206.66666666666666
2020-01-05 00:00:00+05:30,159.41666666666666
2020-01-06 00:00:00+05:30,147.58333333333334
2020-01-07 00:00:00+05:30,121.29166666666667
2020-01-08 00:00:00+05:30,126.29166666666667
2020-01-09 00:00:00+05:30,99.70833333333333
2020-01-10 00:00:00+05:30,142.91666666666666
2020-01-11 00:00:00+05:30,158.41666666666666
2020-01-12 00:00:00+05:30,192.91666666666666
2020-01-13 00:00:00+05:30,214.91666666666666
2020-01-14 00:00:00+05:30,113.16666666666667
2020-01-15 00:00:00+05:30,111.83333333333333
2020-01-16 00:00:00+05:30,157.25
2020-01-17 00:00:00+05:30,113.83333333333333
2020-01-18 00:00:00+05:30,132.83333333333334
2020-01-19 00:00:00+05:30,132.58333333333334
2020-01-20 00:00:00+05:30,157.83333333333334
2020-01-21 00:00:00+05:30,205.45833333333334
2020-01-22 00:00:00+05:30,217.04166666666666
2020-01-23 00:00:00+05:30,68.04166666666667
2020-01-24 00:00:00+05:30,76.41666666666667
2020-01-25 00:00:00+05:30,122.75
2020-01-26 00:00:00+05:30,181.20833333333334
2020-01-27 00:00:00+05:30,193.79166666666666
2020-01-28 00:00:00+05:30,113.75
2020-01-29 00:00:00+05:30,75.875
2020-01-30 00:00:00+05:30,96.41666666666667
2020-01-31 00:00:00+05:30,92.33333333333333
2020-02-01 00:00:00+05:30,101.375
2020-02-02 00:00:00+05:30,132.79166666666666
2020-02-03 00:00:00+05:30,126.79166666666667
2020-02-04 00:00:00+05:30,169.16666666666666
2020-02-05 00:00:00+05:30,132.45833333333334
2020-02-06 00:00:00+05:30,116.41666666666667
2020-02-07 00:00:00+05:30,133.33333333333334
2020-02-08 00:00:00+05:30,159.79166666666666
2020-02-09 00:00:00+05:30,153.47826086956522
2020-02-10 00:00:00+05:30,184.66666666666666
2020-02-11 00:00:00+05:30,168.5
2020-02-12 00:00:00+05:30,186.0
2020-02-13 00:00:00+05:30,94.66666666666667
2020-02-14 00:00:00+05:30,72.16666666666667
2020-02-15 00:00:00+05:30,83.41666666666667
2020-02-16 00:00:00+05:30,114.16666666666667
2020-02-17 00:00:00+05:30,160.16666666666666
2020-02-18 00:00:00+05:30,132.41666666666666
2020-02-19 00:00:00+05:30,120.0
2020-02-20 00:00:00+05:30,101.58333333333333
2020-02-21 00:00:00+05:30,53.25
2020-02-22 00:00:00+05:30,65.5
2020-02-23 00:00:00+05:30,93.5
2020-02-24 00:00:00+05:30,65.41666666666667
2020-02-25 00:00:00+05:30,152.875
2020-02-26 00:00:00+05:30,132.66666666666666
2020-02-27 00:00:00+05:30,101.875
2020-02-28 00:00:00+05:30,83.91666666666667
2020-02-29 00:00:00+05:30,57.708333333333336
2020-03-01 00:00:00+05:30,38.25
2020-03-02 00:00:00+05:30,84.0
2020-03-03 00:00:00+05:30,71.70833333333333
2020-03-04 00:00:00+05:30,70.75
2020-03-05 00:00:00+05:30,27.541666666666668
2020-03-06 00:00:00+05:30,19.772727272727273
2020-03-07 00:00:00+05:30,43.625
2020-03-08 00:00:00+05:30,62.0
2020-03-09 00:00:00+05:30,54.75
2020-03-10 00:00:00+05:30,84.54166666666667
2020-03-11 00:00:00+05:30,55.166666666666664
2020-03-12 00:00:00+05:30,52.333333333333336
2020-03-13 00:00:00+05:30,57.833333333333336
2020-03-14 00:00:00+05:30,38.791666666666664
2020-03-15 00:00:00+05:30,59.333333333333336
2020-03-16 00:00:00+05:30,66.125
2020-03-17 00:00:00+05:30,72.45833333333333
2020-03-18 00:00:00+05:30,63.958333333333336
2020-03-19 00:00:00+05:30,83.79166666666667
2020-03-20 00:00:00+05:30,87.91666666666667
2020-03-21 00:00:00+05:30,66.83333333333333
2020-03-22 00:00:00+05:30,69.16666666666667
2020-03-23 00:00:00+05:30,58.294117647058826
2020-03-24 00:00:00+05:30,44.541666666666664
2020-03-25 00:00:00+05:30,32.041666666666664
2020-03-26 00:00:00+05:30,41.875
2020-03-27 00:00:00+05:30,24.208333333333332
2020-03-28 00:00:00+05:30,18.75
2020-03-29 00:00:00+05:30,24.375
2020-03-30 00:00:00+05:30,37.25
2020-03-31 00:00:00+05:30,33.125
2020-04-01 00:00:00+05:30,30.916666666666668
2020-04-02 00:00:00+05:30,23.666666666666668
2020-04-03 00:00:00+05:30,37.291666666666664
2020-04-04 00:00:00+05:30,37.166666666666664
2020-04-05 00:00:00+05:30,44.416666666666664
2020-04-06 00:00:00+05:30,50.416666666666664
2020-04-07 00:00:00+05:30,30.916666666666668
2020-04-08 00:00:00+05:30,35.166666666666664
2020-04-09 00:00:00+05:30,36.541666666666664
2020-04-10 00:00:00+05:30,59.958333333333336
2020-04-11 00:00:00+05:30,44.291666666666664
2020-04-12 00:00:00+05:30,42.291666666666664
2020-04-13 00:00:00+05:30,60.833333333333336
2020-04-14 00:00:00+05:30,45.0
2020-04-15 00:00:00+05:30,49.083333333333336
2020-04-16 00:00:00+05:30,65.0
2020-04-17 00:00:00+05:30,23.541666666666668
2020-04-18 00:00:00+05:30,27.625
2020-04-19 00:00:00+05:30,33.166666666666664
2020-04-20 00:00:00+05:30,37.833333333333336
2020-04-21 00:00:00+05:30,34.083333333333336
2020-04-22 00:00:00+05:30,49.458333333333336
2020-04-23 00:00:00+05:30,47.791666666666664
2020-04-24 00:00:00+05:30,51.8125
2020-04-25 00:00:00+05:30,
2020-04-26 00:00:00+05:30,41.458333333333336
2020-04-27 00:00:00+05:30,27.375
2020-04-28 00:00:00+05:30,38.916666666666664
2020-04-29 00:00:00+05:30,52.34782608695652
2020-04-30 00:00:00+05:30,51.86363636363637
2020-05-01 00:00:00+05:30,55.705882352941174
2020-05-02 00:00:00+05:30,35.916666666666664
2020-05-03 00:00:00+05:30,32.416666666666664
2020-05-04 00:00:00+05:30,26.8
2020-05-05 00:00:00+05:30,45.083333333333336
2020-05-06 00:00:00+05:30,54.21052631578947
2020-05-07 00:00:00+05:30,25.91304347826087
2020-05-08 00:00:00+05:30,45.73684210526316
2020-05-09 00:00:00+05:30,54.75
2020-05-10 00:00:00+05:30,43.75
2020-05-11 00:00:00+05:30,45.916666666666664
2020-05-12 00:00:00+05:30,42.4
2020-05-13 00:00:00+05:30,64.52173913043478
2020-05-14 00:00:00+05:30,43.76923076923077
2020-05-15 00:00:00+05:30,58.5
2020-05-16 00:00:00+05:30,74.79166666666667
2020-05-17 00:00:00+05:30,90.34782608695652
2020-05-18 00:00:00+05:30,88.52631578947368
2020-05-19 00:00:00+05:30,91.47826086956522
2020-05-20 00:00:00+05:30,62.34782608695652
2020-05-21 00:00:00+05:30,44.208333333333336
2020-05-22 00:00:00+05:30,71.70833333333333
2020-05-23 00:00:00+05:30,59.25
2020-05-24 00:00:00+05:30,46.875
2020-05-25 00:00:00+05:30,60.666666666666664
2020-05-26 00:00:00+05:30,58.375
2020-05-27 00:00:00+05:30,44.529411764705884
2020-05-28 00:00:00+05:30,37.083333333333336
2020-05-29 00:00:00+05:30,25.047619047619047
2020-05-30 00:00:00+05:30,23.263157894736842
2020-05-31 00:00:00+05:30,21.166666666666668
2020-06-01 00:00:00+05:30,38.73913043478261
2020-06-02 00:00:00+05:30,42.470588235294116
2020-06-03 00:00:00+05:30,46.416666666666664
2020-06-04 00:00:00+05:30,63.875
2020-06-05 00:00:00+05:30,34.65217391304348
2020-06-06 00:00:00+05:30,31.0
2020-06-07 00:00:00+05:30,35.416666666666664
2020-06-08 00:00:00+05:30,40.0
2020-06-09 00:00:00+05:30,58.04545454545455
2020-06-10 00:00:00+05:30,47.95454545454545
2020-06-11 00:00:00+05:30,46.391304347826086
2020-06-12 00:00:00+05:30,60.0
2020-06-13 00:00:00+05:30,45.578947368421055
2020-06-14 00:00:00+05:30,61.625
2020-06-15 00:00:00+05:30,47.041666666666664
2020-06-16 00:00:00+05:30,38.0
2020-06-17 00:00:00+05:30,28.666666666666668
2020-06-18 00:00:00+05:30,35.56521739130435
2020-06-19 00:00:00+05:30,62.25
2020-06-20 00:00:00+05:30,36.0
2020-06-21 00:00:00+05:30,39.041666666666664
2020-06-22 00:00:00+05:30,39.166666666666664
2020-06-23 00:00:00+05:30,25.666666666666668
2020-06-24 00:00:00+05:30,28.291666666666668
2020-06-25 00:00:00+05:30,31.652173913043477
2020-06-26 00:00:00+05:30,40.25
2020-06-27 00:00:00+05:30,37.958333333333336
2020-06-28 00:00:00+05:30,56.625
2020-06-29 00:00:00+05:30,36.0
2020-06-30 00:00:00+05:30,38.8421052631579
2020-07-01 00:00:00+05:30,48.583333333333336
2020-07-02 00:00:00+05:30,58.375
2020-07-03 00:00:00+05:30,59.72727272727273
2020-07-04 00:00:00+05:30,43.041666666666664
2020-07-05 00:00:00+05:30,26.782608695652176
2020-07-06 00:00:00+05:30,40.791666666666664
2020-07-07 00:00:00+05:30,15.166666666666666
2020-07-08 00:00:00+05:30,21.26086956521739
2020-07-09 00:00:00+05:30,27.541666666666668
2020-07-10 00:00:00+05:30,21.708333333333332
2020-07-11 00:00:00+05:30,17.625
2020-07-12 00:00:00+05:30,18.541666666666668
2020-07-13 00:00:00+05:30,28.0
2020-07-14 00:00:00+05:30,36.833333333333336
2020-07-15 00:00:00+05:30,37.625
2020-07-16 00:00:00+05:30,28.0
2020-07-17 00:00:00+05:30,42.541666666666664
2020-07-18 00:00:00+05:30,38.166666666666664
2020-07-19 00:00:00+05:30,21.458333333333332
2020-07-20 00:00:00+05:30,16.666666666666668
2020-07-21 00:00:00+05:30,19.916666666666668
2020-07-22 00:00:00+05:30,15.375
2020-07-23 00:00:00+05:30,30.791666666666668
2020-07-24 00:00:00+05:30,35.208333333333336
2020-07-25 00:00:00+05:30,27.5
2020-07-26 00:00:00+05:30,34.416666666666664
2020-07-27 00:00:00+05:30,28.208333333333332
2020-07-28 00:00:00+05:30,21.875
2020-07-29 00:00:00+05:30,21.166666666666668
2020-07-30 00:00:00+05:30,14.458333333333334
2020-07-31 00:00:00+05:30,31.0
2020-08-01 00:00:00+05:30,
2020-08-02 00:00:00+05:30,
2020-08-03 00:00:00+05:30,19.714285714285715
2020-08-04 00:00:00+05:30,21.583333333333332
2020-08-05 00:00:00+05:30,35.25
2020-08-06 00:00:00+05:30,14.375
2020-08-07 00:00:00+05:30,22.52173913043478
2020-08-08 00:00:00+05:30,46.5
2020-08-09 00:00:00+05:30,19.928571428571427
2020-08-10 00:00:00+05:30,24.727272727272727
2020-08-11 00:00:00+05:30,36.642857142857146
2020-08-12 00:00:00+05:30,21.666666666666668
2020-08-13 00:00:00+05:30,12.875
2020-08-14 00:00:00+05:30,17.666666666666668
2020-08-15 00:00:00+05:30,26.31578947368421
2020-08-16 00:00:00+05:30,17.52173913043478
2020-08-17 00:00:00+05:30,25.625
2020-08-18 00:00:00+05:30,22.80952380952381
2020-08-19 00:00:00+05:30,19.0
2020-08-20 00:00:00+05:30,17.695652173913043
2020-08-21 00:00:00+05:30,16.583333333333332
2020-08-22 00:00:00+05:30,15.0
2020-08-23 00:00:00+05:30,16.375
2020-08-24 00:00:00+05:30,11.652173913043478
2020-08-25 00:00:00+05:30,15.166666666666666
2020-08-26 00:00:00+05:30,13.05
2020-08-27 00:00:00+05:30,14.541666666666666
2020-08-28 00:00:00+05:30,22.52173913043478
2020-08-29 00:00:00+05:30,26.375
2020-08-30 00:00:00+05:30,13.277777777777779
2020-08-31 00:00:00+05:30,11.866666666666667
2020-09-01 00:00:00+05:30,14.5
2020-09-02 00:00:00+05:30,18.041666666666668
2020-09-03 00:00:00+05:30,30.875
2020-09-04 00:00:00+05:30,34.8235294117647
2020-09-05 00:00:00+05:30,18.954545454545453
2020-09-06 00:00:00+05:30,23.90909090909091
2020-09-07 00:00:00+05:30,45.0
2020-09-08 00:00:00+05:30,28.666666666666668
2020-09-09 00:00:00+05:30,49.81818181818182
2020-09-10 00:00:00+05:30,52.0
2020-09-11 00:00:00+05:30,58.0
2020-09-12 00:00:00+05:30,53.857142857142854
2020-09-13 00:00:00+05:30,60.45
2020-09-14 00:00:00+05:30,67.25
2020-09-15 00:00:00+05:30,57.19047619047619
2020-09-16 00:00:00+05:30,61.869565217391305
2020-09-17 00:00:00+05:30,41.111111111111114
2020-09-18 00:00:00+05:30,37.5
2020-09-19 00:00:00+05:30,52.27777777777778
2020-09-20 00:00:00+05:30,60.333333333333336
2020-09-21 00:00:00+05:30,58.57142857142857
2020-09-22 00:00:00+05:30,29.2
2020-09-23 00:00:00+05:30,23.47826086956522
2020-09-24 00:00:00+05:30,34.77272727272727
2020-09-25 00:00:00+05:30,50.23809523809524
2020-09-26 00:00:00+05:30,57.291666666666664
2020-09-27 00:00:00+05:30,32.458333333333336
2020-09-28 00:00:00+05:30,64.75
2020-09-29 00:00:00+05:30,64.79166666666667
2020-09-30 00:00:00+05:30,54.25
2020-10-01 00:00:00+05:30,54.68181818181818
2020-10-02 00:00:00+05:30,68.9090909090909
2020-10-03 00:00:00+05:30,73.8695652173913
2020-10-04 00:00:00+05:30,69.875
2020-10-05 00:00:00+05:30,67.83333333333333
2020-10-06 00:00:00+05:30,67.79166666666667
2020-10-07 00:00:00+05:30,80.0
2020-10-08 00:00:00+05:30,74.5
2020-10-09 00:00:00+05:30,82.1304347826087
2020-10-10 00:00:00+05:30,89.95652173913044
2020-10-11 00:00:00+05:30,88.91666666666667
2020-10-12 00:00:00+05:30,110.80952380952381
2020-10-13 00:00:00+05:30,117.75
2020-10-14 00:00:00+05:30,111.54166666666667
2020-10-15 00:00:00+05:30,118.45833333333333
2020-10-16 00:00:00+05:30,97.16666666666667
2020-10-17 00:00:00+05:30,117.5
2020-10-18 00:00:00+05:30,106.0
2020-10-19 00:00:00+05:30,110.8695652173913
2020-10-20 00:00:00+05:30,91.70833333333333
2020-10-21 00:00:00+05:30,87.45833333333333
2020-10-22 00:00:00+05:30,138.5
2020-10-23 00:00:00+05:30,201.6086956521739
2020-10-24 00:00:00+05:30,158.23529411764707
2020-10-25 00:00:00+05:30,156.21052631578948
2020-10-26 00:00:00+05:30,174.91666666666666
2020-10-27 00:00:00+05:30,162.375
2020-10-28 00:00:00+05:30,166.5
2020-10-29 00:00:00+05:30,214.625
2020-10-30 00:00:00+05:30,208.29166666666666
2020-10-31 00:00:00+05:30,262.5833333333333
2020-11-01 00:00:00+05:30,252.25
2020-11-02 00:00:00+05:30,137.95238095238096
2020-11-03 00:00:00+05:30,105.61904761904762
2020-11-04 00:00:00+05:30,298.4166666666667
2020-11-05 00:00:00+05:30,261.875
2020-11-06 00:00:00+05:30,224.9047619047619
2020-11-07 00:00:00+05:30,299.6666666666667
2020-11-08 00:00:00+05:30,306.4166666666667
2020-11-09 00:00:00+05:30,547.5833333333334
2020-11-10 00:00:00+05:30,471.75
2020-11-11 00:00:00+05:30,120.91666666666667
2020-11-12 00:00:00+05:30,169.0
2020-11-13 00:00:00+05:30,164.375
2020-11-14 00:00:00+05:30,352.0833333333333
2020-11-15 00:00:00+05:30,307.72727272727275
2020-11-16 00:00:00+05:30,88.04166666666667
2020-11-17 00:00:00+05:30,81.04166666666667
2020-11-18 00:00:00+05:30,114.0
2020-11-19 00:00:00+05:30,124.41666666666667
2020-11-20 00:00:00+05:30,143.8181818181818
2020-11-21 00:00:00+05:30,127.5
2020-11-22 00:00:00+05:30,137.66666666666666
2020-11-23 00:00:00+05:30,149.10526315789474
2020-11-24 00:00:00+05:30,233.25
2020-11-25 00:00:00+05:30,272.22727272727275
2020-11-26 00:00:00+05:30,149.6153846153846
2020-11-27 00:00:00+05:30,82.78260869565217
2020-11-28 00:00:00+05:30,120.75
2020-11-29 00:00:00+05:30,115.58333333333333
2020-11-30 00:00:00+05:30,164.0
2020-12-01 00:00:00+05:30,213.56521739130434
2020-12-02 00:00:00+05:30,203.95652173913044
2020-12-03 00:00:00+05:30,174.0
2020-12-04 00:00:00+05:30,219.83333333333334
2020-12-05 00:00:00+05:30,256.5
2020-12-06 00:00:00+05:30,221.78947368421052
2020-12-07 00:00:00+05:30,293.375
2020-12-08 00:00:00+05:30,205.0
2020-12-09 00:00:00+05:30,176.30434782608697
2020-12-10 00:00:00+05:30,121.15789473684211
2020-12-11 00:00:00+05:30,147.93333333333334
2020-12-12 00:00:00+05:30,
2020-12-13 00:00:00+05:30,86.375
2020-12-14 00:00:00+05:30,87.83333333333333
2020-12-15 00:00:00+05:30,128.0
2020-12-16 00:00:00+05:30,129.95833333333334
2020-12-17 00:00:00+05:30,153.29166666666666
2020-12-18 00:00:00+05:30,134.875
2020-12-19 00:00:00+05:30,190.4
2020-12-20 00:00:00+05:30,179.95833333333334
2020-12-21 00:00:00+05:30,190.5909090909091
2020-12-22 00:00:00+05:30,298.1666666666667
2020-12-23 00:00:00+05:30,336.625
2020-12-24 00:00:00+05:30,319.5416666666667
2020-12-25 00:00:00+05:30,218.66666666666666
2020-12-26 00:00:00+05:30,203.875
2020-12-27 00:00:00+05:30,264.0
2020-12-28 00:00:00+05:30,99.34782608695652
2020-12-29 00:00:00+05:30,131.08333333333334
2020-12-30 00:00:00+05:30,168.875
2020-12-31 00:00:00+05:30,251.95833333333334
2021-01-01 00:00:00+05:30,391.17391304347825
2021-01-02 00:00:00+05:30,326.77272727272725
2021-01-03 00:00:00+05:30,156.29166666666666
2021-01-04 00:00:00+05:30,85.41666666666667
2021-01-05 00:00:00+05:30,72.875
2021-01-06 00:00:00+05:30,134.66666666666666
2021-01-07 00:00:00+05:30,127.29166666666667
2021-01-08 00:00:00+05:30,159.20833333333334
2021-01-09 00:00:00+05:30,162.54166666666666
2021-01-10 00:00:00+05:30,138.66666666666666
2021-01-11 00:00:00+05:30,137.04166666666666
2021-01-12 00:00:00+05:30,198.16666666666666
2021-01-13 00:00:00+05:30,251.75
2021-01-14 00:00:00+05:30,429.4166666666667
2021-01-15 00:00:00+05:30,408.5
2021-01-16 00:00:00+05:30,287.2916666666667
2021-01-17 00:00:00+05:30,255.41666666666666
2021-01-18 00:00:00+05:30,216.79166666666666
2021-01-19 00:00:00+05:30,303.9583333333333
2021-01-20 00:00:00+05:30,148.33333333333334
2021-01-21 00:00:00+05:30,153.79166666666666
2021-01-22 00:00:00+05:30,227.25
2021-01-23 00:00:00+05:30,188.125
2021-01-24 00:00:00+05:30,241.20833333333334
2021-01-25 00:00:00+05:30,182.125
2021-01-26 00:00:00+05:30,175.25
2021-01-27 00:00:00+05:30,181.08333333333334
2021-01-28 00:00:00+05:30,263.9166666666667
2021-01-29 00:00:00+05:30,221.83333333333334
2021-01-30 00:00:00+05:30,144.9047619047619
2021-01-31 00:00:00+05:30,124.66666666666667
2021-02-01 00:00:00+05:30,211.0
2021-02-02 00:00:00+05:30,215.58333333333334
2021-02-03 00:00:00+05:30,178.79166666666666
2021-02-04 00:00:00+05:30,205.0
2021-02-05 00:00:00+05:30,74.95652173913044
2021-02-06 00:00:00+05:30,119.33333333333333
2021-02-07 00:00:00+05:30,137.8695652173913
2021-02-08 00:00:00+05:30,183.16666666666666
2021-02-09 00:00:00+05:30,190.58333333333334
2021-02-10 00:00:00+05:30,154.57142857142858
2021-02-11 00:00:00+05:30,191.0
2021-02-12 00:00:00+05:30,225.5
2021-02-13 00:00:00+05:30,164.13636363636363
2021-02-14 00:00:00+05:30,193.0
2021-02-15 00:00:00+05:30,154.125
2021-02-16 00:00:00+05:30,193.0
2021-02-17 00:00:00+05:30,161.2608695652174
2021-02-18 00:00:00+05:30,136.625
2021-02-19 00:00:00+05:30,178.5
2021-02-20 00:00:00+05:30,
2021-02-21 00:00:00+05:30,
2021-02-22 00:00:00+05:30,100.0
2021-02-23 00:00:00+05:30,85.20833333333333
2021-02-24 00:00:00+05:30,99.29166666666667
2021-02-25 00:00:00+05:30,136.29166666666666
2021-02-26 00:00:00+05:30,156.1818181818182
2021-02-27 00:00:00+05:30,55.0
2021-02-28 00:00:00+05:30,49.5
2021-03-01 00:00:00+05:30,67.45833333333333
2021-03-02 00:00:00+05:30,64.05
2021-03-03 00:00:00+05:30,95.9090909090909
2021-03-04 00:00:00+05:30,100.86363636363636
2021-03-05 00:00:00+05:30,97.0
2021-03-06 00:00:00+05:30,111.22727272727273
2021-03-07 00:00:00+05:30,101.20833333333333
2021-03-08 00:00:00+05:30,106.66666666666667
2021-03-09 00:00:00+05:30,140.125
2021-03-10 00:00:00+05:30,70.34782608695652
2021-03-11 00:00:00+05:30,105.78947368421052
2021-03-12 00:00:00+05:30,66.375
2021-03-13 00:00:00+05:30,80.45833333333333
2021-03-14 00:00:00+05:30,98.04166666666667
2021-03-15 00:00:00+05:30,97.66666666666667
2021-03-16 00:00:00+05:30,116.5
2021-03-17 00:00:00+05:30,108.05555555555556
2021-03-18 00:00:00+05:30,109.9
2021-03-19 00:00:00+05:30,103.75
2021-03-20 00:00:00+05:30,113.04166666666667
2021-03-21 00:00:00+05:30,93.16666666666667
2021-03-22 00:00:00+05:30,71.95833333333333
2021-03-23 00:00:00+05:30,66.875
2021-03-24 00:00:00+05:30,62.63636363636363
2021-03-25 00:00:00+05:30,46.72727272727273
2021-03-26 00:00:00+05:30,77.61904761904762
2021-03-27 00:00:00+05:30,78.70833333333333
2021-03-28 00:00:00+05:30,76.16666666666667
2021-03-29 00:00:00+05:30,85.45833333333333
2021-03-30 00:00:00+05:30,80.91666666666667
2021-03-31 00:00:00+05:30,58.95238095238095
2021-04-01 00:00:00+05:30,45.666666666666664
2021-04-02 00:00:00+05:30,57.916666666666664
2021-04-03 00:00:00+05:30,40.19047619047619
2021-04-04 00:00:00+05:30,59.583333333333336
2021-04-05 00:00:00+05:30,77.66666666666667
2021-04-06 00:00:00+05:30,125.38095238095238
2021-04-07 00:00:00+05:30,65.8
2021-04-08 00:00:00+05:30,50.041666666666664
2021-04-09 00:00:00+05:30,78.66666666666667
2021-04-10 00:00:00+05:30,72.54166666666667
2021-04-11 00:00:00+05:30,68.79166666666667
2021-04-12 00:00:00+05:30,112.29166666666667
2021-04-13 00:00:00+05:30,87.16666666666667
2021-04-14 00:00:00+05:30,89.0
2021-04-15 00:00:00+05:30,76.78260869565217
2021-04-16 00:00:00+05:30,58.0
2021-04-17 00:00:00+05:30,38.5
2021-04-18 00:00:00+05:30,52.75
2021-04-19 00:00:00+05:30,65.54166666666667
2021-04-20 00:00:00+05:30,57.208333333333336
2021-04-21 00:00:00+05:30,40.833333333333336
2021-04-22 00:00:00+05:30,41.36363636363637
2021-04-23 00:00:00+05:30,40.45454545454545
2021-04-24 00:00:00+05:30,32.111111111111114
2021-04-25 00:00:00+05:30,
2021-04-26 00:00:00+05:30,
2021-04-27 00:00:00+05:30,
2021-04-28 00:00:00+05:30,172.6086956521739
2021-04-29 00:00:00+05:30,148.0
2021-04-30 00:00:00+05:30,107.04166666666667
2021-05-01 00:00:00+05:30,93.33333333333333
2021-05-02 00:00:00+05:30,65.9047619047619
2021-05-03 00:00:00+05:30,106.0
2021-05-04 00:00:00+05:30,59.30434782608695
2021-05-05 00:00:00+05:30,64.61904761904762
2021-05-06 00:00:00+05:30,62.89473684210526
2021-05-07 00:00:00+05:30,56.36363636363637
2021-05-08 00:00:00+05:30,56.473684210526315
2021-05-09 00:00:00+05:30,53.78260869565217
2021-05-10 00:00:00+05:30,50.4
2021-05-11 00:00:00+05:30,43.86666666666667
2021-05-12 00:00:00+05:30,35.4375
2021-05-13 00:00:00+05:30,36.25
2021-05-14 00:00:00+05:30,41.5
2021-05-15 00:00:00+05:30,49.76470588235294
2021-05-16 00:00:00+05:30,51.0
2021-05-17 00:00:00+05:30,74.31818181818181
2021-05-18 00:00:00+05:30,23.36842105263158
2021-05-19 00:00:00+05:30,20.166666666666668
2021-05-20 00:00:00+05:30,24.38095238095238
2021-05-21 00:00:00+05:30,24.444444444444443
2021-05-22 00:00:00+05:30,19.214285714285715
2021-05-23 00:00:00+05:30,
2021-05-24 00:00:00+05:30,
2021-05-25 00:00:00+05:30,42.625
2021-05-26 00:00:00+05:30,62.5
2021-05-27 00:00:00+05:30,41.0
2021-05-28 00:00:00+05:30,28.875
2021-05-29 00:00:00+05:30,18.166666666666668
2021-05-30 00:00:00+05:30,24.625
2021-05-31 00:00:00+05:30,35.8
2021-06-01 00:00:00+05:30,28.31578947368421
2021-06-02 00:00:00+05:30,52.85
2021-06-03 00:00:00+05:30,62.6875
2021-06-04 00:00:00+05:30,45.5
2021-06-05 00:00:00+05:30,42.875
2021-06-06 00:00:00+05:30,36.34782608695652
2021-06-07 00:00:00+05:30,54.291666666666664
2021-06-08 00:00:00+05:30,62.8421052631579
2021-06-09 00:00:00+05:30,
2021-06-10 00:00:00+05:30,34.0
2021-06-11 00:00:00+05:30,39.875
2021-06-12 00:00:00+05:30,33.31578947368421
2021-06-13 00:00:00+05:30,39.57142857142857
2021-06-14 00:00:00+05:30,34.083333333333336
2021-06-15 00:00:00+05:30,29.8
2021-06-16 00:00:00+05:30,27.5
2021-06-17 00:00:00+05:30,35.857142857142854
2021-06-18 00:00:00+05:30,38.0
2021-06-19 00:00:00+05:30,21.647058823529413
2021-06-20 00:00:00+05:30,25.75
2021-06-21 00:00:00+05:30,35.791666666666664
2021-06-22 00:00:00+05:30,43.17391304347826
2021-06-23 00:00:00+05:30,74.92857142857143
2021-06-24 00:00:00+05:30,48.91304347826087
2021-06-25 00:00:00+05:30,46.0
2021-06-26 00:00:00+05:30,42.75
2021-06-27 00:00:00+05:30,71.66666666666667
2021-06-28 00:00:00+05:30,64.75
2021-06-29 00:00:00+05:30,71.55555555555556
2021-06-30 00:00:00+05:30,76.0
2021-07-01 00:00:00+05:30,40.25
2021-07-02 00:00:00+05:30,51.42857142857143
2021-07-03 00:00:00+05:30,35.82608695652174
2021-07-04 00:00:00+05:30,47.375
2021-07-05 00:00:00+05:30,41.583333333333336
2021-07-06 00:00:00+05:30,42.458333333333336
2021-07-07 00:00:00+05:30,55.125
2021-07-08 00:00:00+05:30,43.61538461538461
2021-07-09 00:00:00+05:30,45.95652173913044
2021-07-10 00:00:00+05:30,35.6
2021-07-11 00:00:00+05:30,
2021-07-12 00:00:00+05:30,26.0
2021-07-13 00:00:00+05:30,26.869565217391305
2021-07-14 00:00:00+05:30,27.727272727272727
2021-07-15 00:00:00+05:30,44.44444444444444
2021-07-16 00:00:00+05:30,35.857142857142854
2021-07-17 00:00:00+05:30,41.0625
2021-07-18 00:00:00+05:30,26.17391304347826
2021-07-19 00:00:00+05:30,10.714285714285714
2021-07-20 00:00:00+05:30,27.869565217391305
2021-07-21 00:00:00+05:30,33.47826086956522
2021-07-22 00:00:00+05:30,25.318181818181817
2021-07-23 00:00:00+05:30,26.954545454545453
2021-07-24 00:00:00+05:30,34.458333333333336
2021-07-25 00:00:00+05:30,37.0
2021-07-26 00:00:00+05:30,
2021-07-27 00:00:00+05:30,
2021-07-28 00:00:00+05:30,
2021-07-29 00:00:00+05:30,
2021-07-30 00:00:00+05:30,
2021-07-31 00:00:00+05:30,
2021-08-01 00:00:00+05:30,
2021-08-02 00:00:00+05:30,
2021-08-03 00:00:00+05:30,19.571428571428573
2021-08-04 00:00:00+05:30,17.066666666666666
2021-08-05 00:00:00+05:30,29.357142857142858
2021-08-06 00:00:00+05:30,47.791666666666664
2021-08-07 00:00:00+05:30,36.541666666666664
2021-08-08 00:00:00+05:30,52.23076923076923
2021-08-09 00:00:00+05:30,48.095238095238095
2021-08-10 00:00:00+05:30,34.916666666666664
2021-08-11 00:00:00+05:30,25.291666666666668
2021-08-12 00:00:00+05:30,27.5
2021-08-13 00:00:00+05:30,28.458333333333332
2021-08-14 00:00:00+05:30,26.791666666666668
2021-08-15 00:00:00+05:30,27.916666666666668
2021-08-16 00:00:00+05:30,33.375
2021-08-17 00:00:00+05:30,43.458333333333336
2021-08-18 00:00:00+05:30,52.083333333333336
2021-08-19 00:00:00+05:30,69.47058823529412
2021-08-20 00:00:00+05:30,36.958333333333336
2021-08-21 00:00:00+05:30,19.833333333333332
2021-08-22 00:00:00+05:30,32.416666666666664
2021-08-23 00:00:00+05:30,27.875
2021-08-24 00:00:00+05:30,40.916666666666664
2021-08-25 00:00:00+05:30,29.208333333333332
2021-08-26 00:00:00+05:30,27.75
2021-08-27 00:00:00+05:30,41.333333333333336
2021-08-28 00:00:00+05:30,43.75
2021-08-29 00:00:00+05:30,45.333333333333336
2021-08-30 00:00:00+05:30,22.958333333333332
2021-08-31 00:00:00+05:30,17.25
2021-09-01 00:00:00+05:30,19.0
2021-09-02 00:00:00+05:30,24.166666666666668
2021-09-03 00:00:00+05:30,20.041666666666668
2021-09-04 00:00:00+05:30,21.083333333333332
2021-09-05 00:00:00+05:30,33.916666666666664
2021-09-06 00:00:00+05:30,40.083333333333336
2021-09-07 00:00:00+05:30,40.0
2021-09-08 00:00:00+05:30,19.75
2021-09-09 00:00:00+05:30,26.791666666666668
2021-09-10 00:00:00+05:30,27.666666666666668
2021-09-11 00:00:00+05:30,17.583333333333332
2021-09-12 00:00:00+05:30,23.791666666666668
2021-09-13 00:00:00+05:30,32.416666666666664
2021-09-14 00:00:00+05:30,24.125
2021-09-15 00:00:00+05:30,15.833333333333334
2021-09-16 00:00:00+05:30,18.333333333333332
2021-09-17 00:00:00+05:30,19.541666666666668
2021-09-18 00:00:00+05:30,30.0
2021-09-19 00:00:00+05:30,24.958333333333332
2021-09-20 00:00:00+05:30,25.0
2021-09-21 00:00:00+05:30,27.833333333333332
2021-09-22 00:00:00+05:30,24.583333333333332
2021-09-23 00:00:00+05:30,21.208333333333332
2021-09-24 00:00:00+05:30,20.875
2021-09-25 00:00:00+05:30,38.791666666666664
2021-09-26 00:00:00+05:30,31.958333333333332
2021-09-27 00:00:00+05:30,49.63157894736842
2021-09-28 00:00:00+05:30,43.666666666666664
2021-09-29 00:00:00+05:30,26.083333333333332
2021-09-30 00:00:00+05:30,29.791666666666668
2021-10-01 00:00:00+05:30,43.375
2021-10-02 00:00:00+05:30,49.916666666666664
2021-10-03 00:00:00+05:30,29.791666666666668
2021-10-04 00:00:00+05:30,27.0
2021-10-05 00:00:00+05:30,36.291666666666664
2021-10-06 00:00:00+05:30,45.708333333333336
2021-10-07 00:00:00+05:30,65.08333333333333
2021-10-08 00:00:00+05:30,71.20833333333333
2021-10-09 00:00:00+05:30,66.2
2021-10-10 00:00:00+05:30,51.666666666666664
2021-10-11 00:00:00+05:30,49.958333333333336
2021-10-12 00:00:00+05:30,75.2
2021-10-13 00:00:00+05:30,
2021-10-14 00:00:00+05:30,63.77777777777778
2021-10-15 00:00:00+05:30,92.66666666666667
2021-10-16 00:00:00+05:30,158.70833333333334
2021-10-17 00:00:00+05:30,121.875
2021-10-18 00:00:00+05:30,12.625
2021-10-19 00:00:00+05:30,54.083333333333336
2021-10-20 00:00:00+05:30,99.54166666666667
2021-10-21 00:00:00+05:30,64.91666666666667
2021-10-22 00:00:00+05:30,44.833333333333336
2021-10-23 00:00:00+05:30,53.25
2021-10-24 00:00:00+05:30,59.333333333333336
2021-10-25 00:00:00+05:30,40.833333333333336
2021-10-26 00:00:00+05:30,67.58333333333333
2021-10-27 00:00:00+05:30,108.83333333333333
2021-10-28 00:00:00+05:30,130.08333333333334
2021-10-29 00:00:00+05:30,127.83333333333333
2021-10-30 00:00:00+05:30,119.66666666666667
2021-10-31 00:00:00+05:30,129.08333333333334
2021-11-01 00:00:00+05:30,112.875
2021-11-02 00:00:00+05:30,127.20833333333333
2021-11-03 00:00:00+05:30,148.125
2021-11-04 00:00:00+05:30,309.5416666666667
2021-11-05 00:00:00+05:30,374.8181818181818
2021-11-06 00:00:00+05:30,336.9166666666667
2021-11-07 00:00:00+05:30,247.75
2021-11-08 00:00:00+05:30,240.75
2021-11-09 00:00:00+05:30,262.5
2021-11-10 00:00:00+05:30,219.33333333333334
2021-11-11 00:00:00+05:30,281.375
2021-11-12 00:00:00+05:30,408.7083333333333
2021-11-13 00:00:00+05:30,286.5416666666667
2021-11-14 00:00:00+05:30,157.5
2021-11-15 00:00:00+05:30,190.25
2021-11-16 00:00:00+05:30,252.875
2021-11-17 00:00:00+05:30,186.95833333333334
2021-11-18 00:00:00+05:30,177.04166666666666
2021-11-19 00:00:00+05:30,224.04166666666666
2021-11-20 00:00:00+05:30,204.75
2021-11-21 00:00:00+05:30,197.58333333333334
2021-11-22 00:00:00+05:30,151.41666666666666
2021-11-23 00:00:00+05:30,139.125
2021-11-24 00:00:00+05:30,196.0
2021-11-25 00:00:00+05:30,248.375
2021-11-26 00:00:00+05:30,256.9166666666667
2021-11-27 00:00:00+05:30,216.08333333333334
2021-11-28 00:00:00+05:30,268.0
2021-11-29 00:00:00+05:30,224.25
2021-11-30 00:00:00+05:30,181.625
2021-12-01 00:00:00+05:30,223.16666666666666
2021-12-02 00:00:00+05:30,297.125
2021-12-03 00:00:00+05:30,215.70833333333334
2021-12-04 00:00:00+05:30,164.0
2021-12-05 00:00:00+05:30,151.58333333333334
2021-12-06 00:00:00+05:30,150.70833333333334
2021-12-07 00:00:00+05:30,116.875
2021-12-08 00:00:00+05:30,118.875
2021-12-09 00:00:00+05:30,150.16666666666666
2021-12-10 00:00:00+05:30,154.41666666666666
2021-12-11 00:00:00+05:30,113.91666666666667
2021-12-12 00:00:00+05:30,118.875
2021-12-13 00:00:00+05:30,154.08333333333334
2021-12-14 00:00:00+05:30,204.45833333333334
2021-12-15 00:00:00+05:30,194.54166666666666
2021-12-16 00:00:00+05:30,211.91666666666666
2021-12-17 00:00:00+05:30,161.0
2021-12-18 00:00:00+05:30,157.45833333333334
2021-12-19 00:00:00+05:30,149.04166666666666
2021-12-20 00:00:00+05:30,178.20833333333334
2021-12-21 00:00:00+05:30,228.66666666666666
2021-12-22 00:00:00+05:30,267.7916666666667
2021-12-23 00:00:00+05:30,332.4583333333333
2021-12-24 00:00:00+05:30,280.125
2021-12-25 00:00:00+05:30,352.125
2021-12-26 00:00:00+05:30,369.0833333333333
2021-12-27 00:00:00+05:30,119.875
2021-12-28 00:00:00+05:30,126.33333333333333
2021-12-29 00:00:00+05:30,125.5
2021-12-30 00:00:00+05:30,155.5
2021-12-31 00:00:00+05:30,203.63636363636363
2022-01-01 00:00:00+05:30,228.79166666666666
2022-01-02 00:00:00+05:30,269.25
2022-01-03 00:00:00+05:30,248.25
2022-01-04 00:00:00+05:30,202.79166666666666
2022-01-05 00:00:00+05:30,276.9583333333333
2022-01-06 00:00:00+05:30,122.08333333333333
2022-01-07 00:00:00+05:30,77.25
2022-01-08 00:00:00+05:30,46.833333333333336
2022-01-09 00:00:00+05:30,46.958333333333336
2022-01-10 00:00:00+05:30,108.16666666666667
2022-01-11 00:00:00+05:30,113.54166666666667
2022-01-12 00:00:00+05:30,125.41666666666667
2022-01-13 00:00:00+05:30,251.45833333333334
2022-01-14 00:00:00+05:30,224.66666666666666
2022-01-15 00:00:00+05:30,159.16666666666666
2022-01-16 00:00:00+05:30,166.04166666666666
2022-01-17 00:00:00+05:30,197.79166666666666
2022-01-18 00:00:00+05:30,219.58333333333334
2022-01-19 00:00:00+05:30,206.5
2022-01-20 00:00:00+05:30,273.375
2022-01-21 00:00:00+05:30,204.25
2022-01-22 00:00:00+05:30,141.625
2022-01-23 00:00:00+05:30,122.25
2022-01-24 00:00:00+05:30,103.79166666666667
2022-01-25 00:00:00+05:30,123.41666666666667
2022-01-26 00:00:00+05:30,128.33333333333334
2022-01-27 00:00:00+05:30,120.45833333333333
2022-01-28 00:00:00+05:30,106.08333333333333
2022-01-29 00:00:00+05:30,198.0
2022-01-30 00:00:00+05:30,150.69565217391303
2022-01-31 00:00:00+05:30,229.25
2022-02-01 00:00:00+05:30,228.04166666666666
2022-02-02 00:00:00+05:30,174.58333333333334
2022-02-03 00:00:00+05:30,168.58333333333334
2022-02-04 00:00:00+05:30,55.583333333333336
2022-02-05 00:00:00+05:30,125.29166666666667
2022-02-06 00:00:00+05:30,105.30434782608695
2022-02-07 00:00:00+05:30,115.625
2022-02-08 00:00:00+05:30,115.83333333333333
2022-02-09 00:00:00+05:30,93.70833333333333
2022-02-10 00:00:00+05:30,77.5
2022-02-11 00:00:00+05:30,80.125
2022-02-12 00:00:00+05:30,79.54166666666667
2022-02-13 00:00:00+05:30,146.0
2022-02-14 00:00:00+05:30,86.0
2022-02-15 00:00:00+05:30,97.0
2022-02-16 00:00:00+05:30,
2022-02-17 00:00:00+05:30,99.82608695652173
2022-02-18 00:00:00+05:30,104.5
2022-02-19 00:00:00+05:30,75.125
2022-02-20 00:00:00+05:30,82.0
2022-02-21 00:00:00+05:30,64.70833333333333
2022-02-22 00:00:00+05:30,84.20833333333333
2022-02-23 00:00:00+05:30,99.0
2022-02-24 00:00:00+05:30,136.47826086956522
2022-02-25 00:00:00+05:30,117.875
2022-02-26 00:00:00+05:30,23.083333333333332
2022-02-27 00:00:00+05:30,33.708333333333336
2022-02-28 00:00:00+05:30,40.5
2022-03-01 00:00:00+05:30,83.08333333333333
2022-03-02 00:00:00+05:30,105.0
2022-03-03 00:00:00+05:30,67.56521739130434
2022-03-04 00:00:00+05:30,76.0
2022-03-05 00:00:00+05:30,51.708333333333336
2022-03-06 00:00:00+05:30,70.45833333333333
2022-03-07 00:00:00+05:30,88.25
2022-03-08 00:00:00+05:30,106.5
2022-03-09 00:00:00+05:30,55.666666666666664
2022-03-10 00:00:00+05:30,58.958333333333336
2022-03-11 00:00:00+05:30,77.83333333333333
2022-03-12 00:00:00+05:30,73.375
2022-03-13 00:00:00+05:30,81.58333333333333
2022-03-14 00:00:00+05:30,101.0
2022-03-15 00:00:00+05:30,99.43478260869566
2022-03-16 00:00:00+05:30,85.04166666666667
2022-03-17 00:00:00+05:30,78.0
2022-03-18 00:00:00+05:30,116.0
2022-03-19 00:00:00+05:30,92.66666666666667
2022-03-20 00:00:00+05:30,82.75
2022-03-21 00:00:00+05:30,117.16666666666667
2022-03-22 00:00:00+05:30,71.625
2022-03-23 00:00:00+05:30,
2022-03-24 00:00:00+05:30,71.76470588235294
2022-03-25 00:00:00+05:30,75.08333333333333
2022-03-26 00:00:00+05:30,85.18181818181819
2022-03-27 00:00:00+05:30,71.58333333333333
2022-03-28 00:00:00+05:30,78.375
2022-03-29 00:00:00+05:30,83.125
2022-03-30 00:00:00+05:30,91.33333333333333
2022-03-31 00:00:00+05:30,122.625
2022-04-01 00:00:00+05:30,71.21739130434783
2022-04-02 00:00:00+05:30,95.70833333333333
2022-04-03 00:00:00+05:30,86.20833333333333
2022-04-04 00:00:00+05:30,97.83333333333333
2022-04-05 00:00:00+05:30,101.33333333333333
2022-04-06 00:00:00+05:30,100.375
2022-04-07 00:00:00+05:30,117.29166666666667
2022-04-08 00:00:00+05:30,82.33333333333333
2022-04-09 00:00:00+05:30,83.41666666666667
2022-04-10 00:00:00+05:30,94.75
2022-04-11 00:00:00+05:30,93.625
2022-04-12 00:00:00+05:30,75.41666666666667
2022-04-13 00:00:00+05:30,92.70833333333333
2022-04-14 00:00:00+05:30,70.91666666666667
2022-04-15 00:00:00+05:30,62.833333333333336
2022-04-16 00:00:00+05:30,85.0
2022-04-17 00:00:00+05:30,117.0
2022-04-18 00:00:00+05:30,
2022-04-19 00:00:00+05:30,112.1304347826087
2022-04-20 00:00:00+05:30,95.41666666666667
2022-04-21 00:00:00+05:30,86.41666666666667
2022-04-22 00:00:00+05:30,59.666666666666664
2022-04-23 00:00:00+05:30,102.83333333333333
2022-04-24 00:00:00+05:30,121.0
2022-04-25 00:00:00+05:30,92.17391304347827
2022-04-26 00:00:00+05:30,95.20833333333333
2022-04-27 00:00:00+05:30,131.0
2022-04-28 00:00:00+05:30,181.08695652173913
2022-04-29 00:00:00+05:30,122.04545454545455
2022-04-30 00:00:00+05:30,102.79166666666667
2022-05-01 00:00:00+05:30,73.16666666666667
2022-05-02 00:00:00+05:30,75.0
2022-05-03 00:00:00+05:30,89.8695652173913
2022-05-04 00:00:00+05:30,92.0
2022-05-05 00:00:00+05:30,66.65217391304348
2022-05-06 00:00:00+05:30,104.0
2022-05-07 00:00:00+05:30,70.04347826086956
2022-05-08 00:00:00+05:30,104.0
2022-05-09 00:00:00+05:30,61.69565217391305
2022-05-10 00:00:00+05:30,63.888888888888886
2022-05-11 00:00:00+05:30,
2022-05-12 00:00:00+05:30,
2022-05-13 00:00:00+05:30,
2022-05-14 00:00:00+05:30,
2022-05-15 00:00:00+05:30,
2022-05-16 00:00:00+05:30,
2022-05-17 00:00:00+05:30,
2022-05-18 00:00:00+05:30,
2022-05-19 00:00:00+05:30,
2022-05-20 00:00:00+05:30,
2022-05-21 00:00:00+05:30,
2022-05-22 00:00:00+05:30,
2022-05-23 00:00:00+05:30,
2022-05-24 00:00:00+05:30,
2022-05-25 00:00:00+05:30,
2022-05-26 00:00:00+05:30,
2022-05-27 00:00:00+05:30,
2022-05-28 00:00:00+05:30,
2022-05-29 00:00:00+05:30,
2022-05-30 00:00:00+05:30,
2022-05-31 00:00:00+05:30,
2022-06-01 00:00:00+05:30,
2022-06-02 00:00:00+05:30,
2022-06-03 00:00:00+05:30,
2022-06-04 00:00:00+05:30,54.285714285714285
2022-06-05 00:00:00+05:30,
2022-06-06 00:00:00+05:30,
2022-06-07 00:00:00+05:30,
2022-06-08 00:00:00+05:30,
2022-06-09 00:00:00+05:30,
2022-06-10 00:00:00+05:30,
2022-06-11 00:00:00+05:30,
2022-06-12 00:00:00+05:30,
2022-06-13 00:00:00+05:30,
2022-06-14 00:00:00+05:30,
2022-06-15 00:00:00+05:30,
2022-06-16 00:00:00+05:30,
2022-06-17 00:00:00+05:30,
2022-06-18 00:00:00+05:30,
2022-06-19 00:00:00+05:30,
2022-06-20 00:00:00+05:30,
2022-06-21 00:00:00+05:30,
2022-06-22 00:00:00+05:30,
2022-06-23 00:00:00+05:30,
2022-06-24 00:00:00+05:30,
2022-06-25 00:00:00+05:30,
2022-06-26 00:00:00+05:30,
2022-06-27 00:00:00+05:30,
2022-06-28 00:00:00+05:30,
2022-06-29 00:00:00+05:30,
2022-06-30 00:00:00+05:30,
2022-07-01 00:00:00+05:30,
2022-07-02 00:00:00+05:30,
2022-07-03 00:00:00+05:30,
2022-07-04 00:00:00+05:30,
2022-07-05 00:00:00+05:30,
2022-07-06 00:00:00+05:30,
2022-07-07 00:00:00+05:30,
2022-07-08 00:00:00+05:30,
2022-07-09 00:00:00+05:30,
2022-07-10 00:00:00+05:30,
2022-07-11 00:00:00+05:30,
2022-07-12 00:00:00+05:30,
2022-07-13 00:00:00+05:30,
2022-07-14 00:00:00+05:30,
2022-07-15 00:00:00+05:30,
2022-07-16 00:00:00+05:30,
2022-07-17 00:00:00+05:30,
2022-07-18 00:00:00+05:30,
2022-07-19 00:00:00+05:30,
2022-07-20 00:00:00+05:30,
2022-07-21 00:00:00+05:30,
2022-07-22 00:00:00+05:30,
2022-07-23 00:00:00+05:30,
2022-07-24 00:00:00+05:30,
2022-07-25 00:00:00+05:30,
2022-07-26 00:00:00+05:30,
2022-07-27 00:00:00+05:30,
2022-07-28 00:00:00+05:30,
2022-07-29 00:00:00+05:30,
2022-07-30 00:00:00+05:30,
2022-07-31 00:00:00+05:30,
2022-08-01 00:00:00+05:30,
2022-08-02 00:00:00+05:30,
2022-08-03 00:00:00+05:30,
2022-08-04 00:00:00+05:30,
2022-08-05 00:00:00+05:30,
2022-08-06 00:00:00+05:30,
2022-08-07 00:00:00+05:30,
2022-08-08 00:00:00+05:30,
2022-08-09 00:00:00+05:30,
2022-08-10 00:00:00+05:30,
2022-08-11 00:00:00+05:30,
2022-08-12 00:00:00+05:30,
2022-08-13 00:00:00+05:30,
2022-08-14 00:00:00+05:30,
2022-08-15 00:00:00+05:30,
2022-08-16 00:00:00+05:30,
2022-08-17 00:00:00+05:30,
2022-08-18 00:00:00+05:30,
2022-08-19 00:00:00+05:30,
2022-08-20 00:00:00+05:30,
2022-08-21 00:00:00+05:30,
2022-08-22 00:00:00+05:30,
2022-08-23 00:00:00+05:30,
2022-08-24 00:00:00+05:30,
2022-08-25 00:00:00+05:30,
2022-08-26 00:00:00+05:30,
2022-08-27 00:00:00+05:30,
2022-08-28 00:00:00+05:30,
2022-08-29 00:00:00+05:30,
2022-08-30 00:00:00+05:30,
2022-08-31 00:00:00+05:30,
2022-09-01 00:00:00+05:30,
2022-09-02 00:00:00+05:30,
2022-09-03 00:00:00+05:30,
2022-09-04 00:00:00+05:30,
2022-09-05 00:00:00+05:30,
2022-09-06 00:00:00+05:30,
2022-09-07 00:00:00+05:30,
2022-09-08 00:00:00+05:30,
2022-09-09 00:00:00+05:30,
2022-09-10 00:00:00+05:30,
2022-09-11 00:00:00+05:30,
2022-09-12 00:00:00+05:30,
2022-09-13 00:00:00+05:30,
2022-09-14 00:00:00+05:30,
2022-09-15 00:00:00+05:30,
2022-09-16 00:00:00+05:30,
2022-09-17 00:00:00+05:30,
2022-09-18 00:00:00+05:30,
2022-09-19 00:00:00+05:30,
2022-09-20 00:00:00+05:30,
2022-09-21 00:00:00+05:30,
2022-09-22 00:00:00+05:30,21.782608695652176
2022-09-23 00:00:00+05:30,25.291666666666668
2022-09-24 00:00:00+05:30,22.416666666666668
2022-09-25 00:00:00+05:30,20.166666666666668
2022-09-26 00:00:00+05:30,42.333333333333336
2022-09-27 00:00:00+05:30,35.541666666666664
2022-09-28 00:00:00+05:30,46.625
2022-09-29 00:00:00+05:30,58.0
2022-09-30 00:00:00+05:30,70.27272727272727
2022-10-01 00:00:00+05:30,74.625
2022-10-02 00:00:00+05:30,61.125
2022-10-03 00:00:00+05:30,36.125
2022-10-04 00:00:00+05:30,54.625
2022-10-05 00:00:00+05:30,83.41666666666667
2022-10-06 00:00:00+05:30,11.25
2022-10-07 00:00:00+05:30,14.375
2022-10-08 00:00:00+05:30,9.541666666666666
2022-10-09 00:00:00+05:30,6.291666666666667
2022-10-10 00:00:00+05:30,10.833333333333334
2022-10-11 00:00:00+05:30,29.25
2022-10-12 00:00:00+05:30,58.083333333333336
2022-10-13 00:00:00+05:30,44.25
2022-10-14 00:00:00+05:30,65.625
2022-10-15 00:00:00+05:30,86.91666666666667
2022-10-16 00:00:00+05:30,92.91666666666667
2022-10-17 00:00:00+05:30,97.91666666666667
2022-10-18 00:00:00+05:30,89.125
2022-10-19 00:00:00+05:30,73.29166666666667
2022-10-20 00:00:00+05:30,81.125
2022-10-21 00:00:00+05:30,105.29166666666667
2022-10-22 00:00:00+05:30,111.91666666666667
2022-10-23 00:00:00+05:30,115.54166666666667
2022-10-24 00:00:00+05:30,178.75
2022-10-25 00:00:00+05:30,193.875
2022-10-26 00:00:00+05:30,127.375
2022-10-27 00:00:00+05:30,161.375
2022-10-28 00:00:00+05:30,188.95652173913044
2022-10-29 00:00:00+05:30,214.82608695652175
2022-10-30 00:00:00+05:30,170.65217391304347
2022-10-31 00:00:00+05:30,218.25
2022-11-01 00:00:00+05:30,227.75
2022-11-02 00:00:00+05:30,215.0
2022-11-03 00:00:00+05:30,378.5217391304348
2022-11-04 00:00:00+05:30,310.60869565217394
2022-11-05 00:00:00+05:30,187.0
2022-11-06 00:00:00+05:30,165.6086956521739
2022-11-07 00:00:00+05:30,161.70833333333334
2022-11-08 00:00:00+05:30,240.0
2022-11-09 00:00:00+05:30,84.375
2022-11-10 00:00:00+05:30,126.95833333333333
2022-11-11 00:00:00+05:30,225.70833333333334
2022-11-12 00:00:00+05:30,201.79166666666666
2022-11-13 00:00:00+05:30,160.33333333333334
2022-11-14 00:00:00+05:30,110.58333333333333
2022-11-15 00:00:00+05:30,90.8695652173913
2022-11-16 00:00:00+05:30,113.41666666666667
2022-11-17 00:00:00+05:30,133.375
2022-11-18 00:00:00+05:30,158.56521739130434
2022-11-19 00:00:00+05:30,136.45833333333334
2022-11-20 00:00:00+05:30,169.79166666666666
2022-11-21 00:00:00+05:30,149.04166666666666
2022-11-22 00:00:00+05:30,119.125
2022-11-23 00:00:00+05:30,98.66666666666667
2022-11-24 00:00:00+05:30,99.29166666666667
2022-11-25 00:00:00+05:30,130.33333333333334
2022-11-26 00:00:00+05:30,190.375
2022-11-27 00:00:00+05:30,178.47826086956522
2022-11-28 00:00:00+05:30,177.20833333333334
2022-11-29 00:00:00+05:30,216.95833333333334
2022-11-30 00:00:00+05:30,183.20833333333334
2022-12-01 00:00:00+05:30,209.16666666666666
2022-12-02 00:00:00+05:30,167.9090909090909
2022-12-03 00:00:00+05:30,197.25
2022-12-04 00:00:00+05:30,222.16666666666666
2022-12-05 00:00:00+05:30,180.16666666666666
2022-12-06 00:00:00+05:30,212.25
2022-12-07 00:00:00+05:30,137.375
2022-12-08 00:00:00+05:30,138.125
2022-12-09 00:00:00+05:30,168.125
2022-12-10 00:00:00+05:30,206.41666666666666
2022-12-11 00:00:00+05:30,141.5
2022-12-12 00:00:00+05:30,92.875
2022-12-13 00:00:00+05:30,68.79166666666667
2022-12-14 00:00:00+05:30,85.66666666666667
2022-12-15 00:00:00+05:30,88.54166666666667
2022-12-16 00:00:00+05:30,99.0
2022-12-17 00:00:00+05:30,
2022-12-18 00:00:00+05:30,
2022-12-19 00:00:00+05:30,240.3
2022-12-20 00:00:00+05:30,245.91666666666666
2022-12-21 00:00:00+05:30,226.54166666666666
2022-12-22 00:00:00+05:30,235.0
2022-12-23 00:00:00+05:30,254.08333333333334
2022-12-24 00:00:00+05:30,191.91666666666666
2022-12-25 00:00:00+05:30,202.75
2022-12-26 00:00:00+05:30,222.95833333333334
2022-12-27 00:00:00+05:30,191.33333333333334
2022-12-28 00:00:00+05:30,165.17391304347825
2022-12-29 00:00:00+05:30,199.45833333333334
2022-12-30 00:00:00+05:30,300.72727272727275
2022-12-31 00:00:00+05:30,188.41666666666666
2023-01-01 00:00:00+05:30,130.08333333333334
2023-01-02 00:00:00+05:30,270.0
2023-01-03 00:00:00+05:30,283.25
2023-01-04 00:00:00+05:30,214.29166666666666
2023-01-05 00:00:00+05:30,246.20833333333334
2023-01-06 00:00:00+05:30,311.125
2023-01-07 00:00:00+05:30,297.25
2023-01-08 00:00:00+05:30,298.5416666666667
2023-01-09 00:00:00+05:30,451.875
2023-01-10 00:00:00+05:30,294.9166666666667
2023-01-11 00:00:00+05:30,194.04166666666666
2023-01-12 00:00:00+05:30,200.0
2023-01-13 00:00:00+05:30,
2023-01-14 00:00:00+05:30,
2023-01-15 00:00:00+05:30,
2023-01-16 00:00:00+05:30,129.22222222222223
2023-01-17 00:00:00+05:30,153.125
2023-01-18 00:00:00+05:30,176.875
2023-01-19 00:00:00+05:30,222.375
2023-01-20 00:00:00+05:30,93.54166666666667
2023-01-21 00:00:00+05:30,202.45833333333334
2023-01-22 00:00:00+05:30,352.8333333333333
2023-01-23 00:00:00+05:30,137.66666666666666
2023-01-24 00:00:00+05:30,86.29166666666667
2023-01-25 00:00:00+05:30,97.125
2023-01-26 00:00:00+05:30,156.95652173913044
2023-01-27 00:00:00+05:30,100.65217391304348
2023-01-28 00:00:00+05:30,123.375
2023-01-29 00:00:00+05:30,173.85
2023-01-30 00:00:00+05:30,67.58333333333333
2023-01-31 00:00:00+05:30,89.16666666666667
2023-02-01 00:00:00+05:30,88.25
2023-02-02 00:00:00+05:30,100.66666666666667
2023-02-03 00:00:00+05:30,
2023-02-04 00:00:00+05:30,
2023-02-05 00:00:00+05:30,
2023-02-06 00:00:00+05:30,
2023-02-07 00:00:00+05:30,
2023-02-08 00:00:00+05:30,
2023-02-09 00:00:00+05:30,
2023-02-10 00:00:00+05:30,
2023-02-11 00:00:00+05:30,
2023-02-12 00:00:00+05:30,
2023-02-13 00:00:00+05:30,
2023-02-14 00:00:00+05:30,58.888888888888886
2023-02-15 00:00:00+05:30,92.875
2023-02-16 00:00:00+05:30,141.83333333333334
2023-02-17 00:00:00+05:30,
2023-02-18 00:00:00+05:30,
2023-02-19 00:00:00+05:30,
2023-02-20 00:00:00+05:30,
2023-02-21 00:00:00+05:30,
2023-02-22 00:00:00+05:30,
2023-02-23 00:00:00+05:30,
2023-02-24 00:00:00+05:30,
2023-02-25 00:00:00+05:30,
2023-02-26 00:00:00+05:30,
2023-02-27 00:00:00+05:30,
2023-02-28 00:00:00+05:30,
2023-03-01 00:00:00+05:30,
2023-03-02 00:00:00+05:30,
2023-03-03 00:00:00+05:30,
2023-03-04 00:00:00+05:30,
2023-03-05 00:00:00+05:30,
2023-03-06 00:00:00+05:30,
2023-03-07 00:00:00+05:30,
2023-03-08 00:00:00+05:30,
2023-03-09 00:00:00+05:30,
2023-03-10 00:00:00+05:30,
2023-03-11 00:00:00+05:30,
2023-03-12 00:00:00+05:30,
2023-03-13 00:00:00+05:30,
2023-03-14 00:00:00+05:30,89.04347826086956
2023-03-15 00:00:00+05:30,54.5
2023-03-16 00:00:00+05:30,94.08695652173913
2023-03-17 00:00:00+05:30,48.0
2023-03-18 00:00:00+05:30,70.43478260869566
2023-03-19 00:00:00+05:30,79.04166666666667
2023-03-20 00:00:00+05:30,40.041666666666664
2023-03-21 00:00:00+05:30,43.708333333333336
2023-03-22 00:00:00+05:30,94.16666666666667
2023-03-23 00:00:00+05:30,43.0
2023-03-24 00:00:00+05:30,76.65217391304348
2023-03-25 00:00:00+05:30,32.0
2023-03-26 00:00:00+05:30,56.083333333333336
2023-03-27 00:00:00+05:30,35.0
2023-03-28 00:00:00+05:30,60.17391304347826
2023-03-29 00:00:00+05:30,68.0
2023-03-30 00:00:00+05:30,60.78260869565217
2023-03-31 00:00:00+05:30,27.17391304347826
2023-04-01 00:00:00+05:30,40.375
2023-04-02 00:00:00+05:30,46.125
2023-04-03 00:00:00+05:30,57.916666666666664
2023-04-04 00:00:00+05:30,36.541666666666664
2023-04-05 00:00:00+05:30,43.791666666666664
2023-04-06 00:00:00+05:30,33.625
2023-04-07 00:00:00+05:30,38.75
2023-04-08 00:00:00+05:30,65.54166666666667
2023-04-09 00:00:00+05:30,91.83333333333333
2023-04-10 00:00:00+05:30,70.125
2023-04-11 00:00:00+05:30,117.66666666666667
2023-04-12 00:00:00+05:30,88.08333333333333
2023-04-13 00:00:00+05:30,92.20833333333333
2023-04-14 00:00:00+05:30,96.45833333333333
2023-04-15 00:00:00+05:30,79.58333333333333
2023-04-16 00:00:00+05:30,75.25
2023-04-17 00:00:00+05:30,65.375
2023-04-18 00:00:00+05:30,67.95833333333333
2023-04-19 00:00:00+05:30,68.04166666666667
2023-04-20 00:00:00+05:30,40.25
2023-04-21 00:00:00+05:30,55.0
2023-04-22 00:00:00+05:30,59.833333333333336
2023-04-23 00:00:00+05:30,25.833333333333332
2023-04-24 00:00:00+05:30,52.458333333333336
2023-04-25 00:00:00+05:30,
2023-04-26 00:00:00+05:30,
2023-04-27 00:00:00+05:30,
2023-04-28 00:00:00+05:30,
2023-04-29 00:00:00+05:30,
2023-04-30 00:00:00+05:30,
2023-05-01 00:00:00+05:30,
2023-05-02 00:00:00+05:30,
2023-05-03 00:00:00+05:30,
2023-05-04 00:00:00+05:30,
2023-05-05 00:00:00+05:30,
2023-05-06 00:00:00+05:30,
2023-05-07 00:00:00+05:30,
2023-05-08 00:00:00+05:30,51.81818181818182
2023-05-09 00:00:00+05:30,91.20833333333333
2023-05-10 00:00:00+05:30,80.625
2023-05-11 00:00:00+05:30,124.0
2023-05-12 00:00:00+05:30,74.75
2023-05-13 00:00:00+05:30,84.66666666666667
2023-05-14 00:00:00+05:30,86.5
2023-05-15 00:00:00+05:30,31.5
2023-05-16 00:00:00+05:30,130.375
2023-05-17 00:00:00+05:30,85.25
2023-05-18 00:00:00+05:30,34.625
2023-05-19 00:00:00+05:30,58.041666666666664
2023-05-20 00:00:00+05:30,56.75
2023-05-21 00:00:00+05:30,68.33333333333333
2023-05-22 00:00:00+05:30,68.66666666666667
2023-05-23 00:00:00+05:30,51.208333333333336
2023-05-24 00:00:00+05:30,29.125
2023-05-25 00:00:00+05:30,21.666666666666668
2023-05-26 00:00:00+05:30,20.863636363636363
2023-05-27 00:00:00+05:30,30.09090909090909
2023-05-28 00:00:00+05:30,39.5
2023-05-29 00:00:00+05:30,29.333333333333332
2023-05-30 00:00:00+05:30,31.625
2023-05-31 00:00:00+05:30,29.833333333333332
2023-06-01 00:00:00+05:30,37.791666666666664
2023-06-02 00:00:00+05:30,33.458333333333336
2023-06-03 00:00:00+05:30,41.72727272727273
2023-06-04 00:00:00+05:30,58.0
2023-06-05 00:00:00+05:30,
2023-06-06 00:00:00+05:30,66.63157894736842
2023-06-07 00:00:00+05:30,77.28571428571429
2023-06-08 00:00:00+05:30,42.0
2023-06-09 00:00:00+05:30,24.0
2023-06-10 00:00:00+05:30,30.5
2023-06-11 00:00:00+05:30,37.0
2023-06-12 00:00:00+05:30,40.357142857142854
2023-06-13 00:00:00+05:30,57.666666666666664
2023-06-14 00:00:00+05:30,36.72727272727273
2023-06-15 00:00:00+05:30,33.6
2023-06-16 00:00:00+05:30,29.272727272727273
2023-06-17 00:00:00+05:30,34.733333333333334
2023-06-18 00:00:00+05:30,20.714285714285715
2023-06-19 00:00:00+05:30,14.0
2023-06-20 00:00:00+05:30,36.93333333333333
2023-06-21 00:00:00+05:30,29.555555555555557
2023-06-22 00:00:00+05:30,31.8
2023-06-23 00:00:00+05:30,47.2
2023-06-24 00:00:00+05:30,57.8
2023-06-25 00:00:00+05:30,19.136363636363637
2023-06-26 00:00:00+05:30,37.38461538461539
2023-06-27 00:00:00+05:30,31.0
2023-06-28 00:00:00+05:30,25.05263157894737
2023-06-29 00:00:00+05:30,42.333333333333336
2023-06-30 00:00:00+05:30,27.0
2023-07-01 00:00:00+05:30,22.272727272727273
2023-07-02 00:00:00+05:30,36.1
2023-07-03 00:00:00+05:30,48.333333333333336
2023-07-04 00:00:00+05:30,40.11764705882353
2023-07-05 00:00:00+05:30,33.05555555555556
2023-07-06 00:00:00+05:30,24.470588235294116
2023-07-07 00:00:00+05:30,28.666666666666668
2023-07-08 00:00:00+05:30,11.5
2023-07-09 00:00:00+05:30,22.0
2023-07-10 00:00:00+05:30,16.666666666666668
2023-07-11 00:00:00+05:30,38.07692307692308
2023-07-12 00:00:00+05:30,24.782608695652176
2023-07-13 00:00:00+05:30,28.35135135135135
2023-07-14 00:00:00+05:30,24.428571428571427
2023-07-15 00:00:00+05:30,26.333333333333332
2023-07-16 00:00:00+05:30,20.4
2023-07-17 00:00:00+05:30,31.680851063829788
2023-07-18 00:00:00+05:30,35.625
2023-07-19 00:00:00+05:30,27.625
2023-07-20 00:00:00+05:30,30.229166666666668
2023-07-21 00:00:00+05:30,39.020833333333336
2023-07-22 00:00:00+05:30,30.333333333333332
2023-07-23 00:00:00+05:30,18.791666666666668
2023-07-24 00:00:00+05:30,23.4375
2023-07-25 00:00:00+05:30,31.21276595744681
2023-07-26 00:00:00+05:30,24.125
2023-07-27 00:00:00+05:30,32.65217391304348
2023-07-28 00:00:00+05:30,23.25
2023-07-29 00:00:00+05:30,8.5
2023-07-30 00:00:00+05:30,11.625
2023-07-31 00:00:00+05:30,33.23529411764706
2023-08-01 00:00:00+05:30,
2023-08-02 00:00:00+05:30,17.75
2023-08-03 00:00:00+05:30,26.0
2023-08-04 00:00:00+05:30,29.4375
2023-08-05 00:00:00+05:30,28.104166666666668
2023-08-06 00:00:00+05:30,25.382978723404257
2023-08-07 00:00:00+05:30,22.80851063829787
2023-08-08 00:00:00+05:30,23.729166666666668
2023-08-09 00:00:00+05:30,28.020833333333332
2023-08-10 00:00:00+05:30,31.916666666666668
2023-08-11 00:00:00+05:30,33.729166666666664
2023-08-12 00:00:00+05:30,28.4375
2023-08-13 00:00:00+05:30,22.708333333333332
2023-08-14 00:00:00+05:30,28.8125
2023-08-15 00:00:00+05:30,39.0
2023-08-16 00:00:00+05:30,40.208333333333336
2023-08-17 00:00:00+05:30,35.541666666666664
2023-08-18 00:00:00+05:30,41.24
2023-08-19 00:00:00+05:30,35.916666666666664
2023-08-20 00:00:00+05:30,29.916666666666668
2023-08-21 00:00:00+05:30,31.75
2023-08-22 00:00:00+05:30,28.458333333333332
2023-08-23 00:00:00+05:30,19.041666666666668
2023-08-24 00:00:00+05:30,20.75609756097561
2023-08-25 00:00:00+05:30,26.870967741935484
2023-08-26 00:00:00+05:30,37.75
2023-08-27 00:00:00+05:30,46.916666666666664
2023-08-28 00:00:00+05:30,42.708333333333336
2023-08-29 00:00:00+05:30,37.5
2023-08-30 00:00:00+05:30,38.666666666666664
2023-08-31 00:00:00+05:30,40.666666666666664
2023-09-01 00:00:00+05:30,37.03448275862069
2023-09-02 00:00:00+05:30,34.541666666666664
2023-09-03 00:00:00+05:30,34.833333333333336
2023-09-04 00:00:00+05:30,31.5
2023-09-05 00:00:00+05:30,35.0
2023-09-06 00:00:00+05:30,21.375
2023-09-07 00:00:00+05:30,27.833333333333332
2023-09-08 00:00:00+05:30,17.625
2023-09-09 00:00:00+05:30,9.5
2023-09-10 00:00:00+05:30,7.041666666666667
2023-09-11 00:00:00+05:30,23.875
2023-09-12 00:00:00+05:30,32.083333333333336
2023-09-13 00:00:00+05:30,45.75
2023-09-14 00:00:00+05:30,51.875
2023-09-15 00:00:00+05:30,29.666666666666668
2023-09-16 00:00:00+05:30,23.041666666666668
2023-09-17 00:00:00+05:30,18.5
2023-09-18 00:00:00+05:30,11.375
2023-09-19 00:00:00+05:30,19.285714285714285
2023-09-20 00:00:00+05:30,34.666666666666664
2023-09-21 00:00:00+05:30,32.56
2023-09-22 00:00:00+05:30,46.75
2023-09-23 00:00:00+05:30,41.166666666666664
2023-09-24 00:00:00+05:30,48.416666666666664
2023-09-25 00:00:00+05:30,57.333333333333336
2023-09-26 00:00:00+05:30,72.08333333333333
2023-09-27 00:00:00+05:30,42.5
2023-09-28 00:00:00+05:30,50.42857142857143
2023-09-29 00:00:00+05:30,61.935483870967744
2023-09-30 00:00:00+05:30,57.17857142857143
2023-10-01 00:00:00+05:30,57.87179487179487
2023-10-02 00:00:00+05:30,49.34615384615385
2023-10-03 00:00:00+05:30,51.357142857142854
2023-10-04 00:00:00+05:30,59.666666666666664
2023-10-05 00:00:00+05:30,75.22222222222223
2023-10-06 00:00:00+05:30,77.55172413793103
2023-10-07 00:00:00+05:30,59.416666666666664
2023-10-08 00:00:00+05:30,50.93103448275862
2023-10-09 00:00:00+05:30,53.166666666666664
2023-10-10 00:00:00+05:30,52.04
2023-10-11 00:00:00+05:30,84.29629629629629
2023-10-12 00:00:00+05:30,98.64864864864865
2023-10-13 00:00:00+05:30,111.5
2023-10-14 00:00:00+05:30,94.26190476190476
2023-10-15 00:00:00+05:30,76.175
2023-10-16 00:00:00+05:30,61.31111111111111
2023-10-17 00:00:00+05:30,39.577777777777776
2023-10-18 00:00:00+05:30,50.30952380952381
2023-10-19 00:00:00+05:30,44.36363636363637
2023-10-20 00:00:00+05:30,94.07317073170732
2023-10-21 00:00:00+05:30,131.65116279069767
2023-10-22 00:00:00+05:30,138.97674418604652
2023-10-23 00:00:00+05:30,130.0952380952381
2023-10-24 00:00:00+05:30,94.86666666666666
2023-10-25 00:00:00+05:30,125.76190476190476
2023-10-26 00:00:00+05:30,117.82978723404256
2023-10-27 00:00:00+05:30,128.2608695652174
2023-10-28 00:00:00+05:30,136.17021276595744
2023-10-29 00:00:00+05:30,144.6595744680851
2023-10-30 00:00:00+05:30,150.0
2023-10-31 00:00:00+05:30,190.2127659574468
2023-11-01 00:00:00+05:30,183.9787234042553
2023-11-02 00:00:00+05:30,298.31111111111113
2023-11-03 00:00:00+05:30,319.68
2023-11-04 00:00:00+05:30,360.30434782608694
2023-11-05 00:00:00+05:30,313.9130434782609
2023-11-06 00:00:00+05:30,257.2608695652174
2023-11-07 00:00:00+05:30,251.2173913043478
2023-11-08 00:00:00+05:30,299.39130434782606
2023-11-09 00:00:00+05:30,298.17391304347825
2023-11-10 00:00:00+05:30,118.34782608695652
2023-11-11 00:00:00+05:30,95.0
2023-11-12 00:00:00+05:30,131.13636363636363
2023-11-13 00:00:00+05:30,288.1578947368421
2023-11-14 00:00:00+05:30,255.56521739130434
2023-11-15 00:00:00+05:30,271.2173913043478
2023-11-16 00:00:00+05:30,344.0869565217391
2023-11-17 00:00:00+05:30,232.65217391304347
2023-11-18 00:00:00+05:30,152.1304347826087
2023-11-19 00:00:00+05:30,137.30434782608697
2023-11-20 00:00:00+05:30,188.8695652173913
2023-11-21 00:00:00+05:30,259.39130434782606
2023-11-22 00:00:00+05:30,258.2173913043478
2023-11-23 00:00:00+05:30,241.17391304347825
2023-11-24 00:00:00+05:30,271.4347826086956
2023-11-25 00:00:00+05:30,239.8695652173913
2023-11-26 00:00:00+05:30,217.3913043478261
2023-11-27 00:00:00+05:30,209.43478260869566
2023-11-28 00:00:00+05:30,131.82608695652175
2023-11-29 00:00:00+05:30,183.82608695652175
2023-11-30 00:00:00+05:30,231.08695652173913
2023-12-01 00:00:00+05:30,233.7391304347826
2023-12-02 00:00:00+05:30,172.5
2023-12-03 00:00:00+05:30,130.0
2023-12-04 00:00:00+05:30,152.0
2023-12-05 00:00:00+05:30,134.04347826086956
2023-12-06 00:00:00+05:30,139.04347826086956
2023-12-07 00:00:00+05:30,164.52173913043478
2023-12-08 00:00:00+05:30,150.82608695652175
2023-12-09 00:00:00+05:30,167.0
2023-12-10 00:00:00+05:30,168.08695652173913
2023-12-11 00:00:00+05:30,161.82608695652175
2023-12-12 00:00:00+05:30,206.7826086956522
2023-12-13 00:00:00+05:30,224.08695652173913
2023-12-14 00:00:00+05:30,171.56521739130434
2023-12-15 00:00:00+05:30,184.34782608695653
2023-12-16 00:00:00+05:30,195.2608695652174
2023-12-17 00:00:00+05:30,202.52173913043478
2023-12-18 00:00:00+05:30,176.1304347826087
2023-12-19 00:00:00+05:30,136.65217391304347
2023-12-20 00:00:00+05:30,146.47826086956522
2023-12-21 00:00:00+05:30,258.5217391304348
2023-12-22 00:00:00+05:30,344.7391304347826
2023-12-23 00:00:00+05:30,301.4347826086956
2023-12-24 00:00:00+05:30,280.4347826086956
2023-12-25 00:00:00+05:30,228.8695652173913
2023-12-26 00:00:00+05:30,247.3913043478261
2023-12-27 00:00:00+05:30,273.1304347826087
2023-12-28 00:00:00+05:30,231.43478260869566
2023-12-29 00:00:00+05:30,279.8695652173913
2023-12-30 00:00:00+05:30,301.17391304347825
2023-12-31 00:00:00+05:30,259.5652173913044
2024-01-01 00:00:00+05:30,212.47826086956522
2024-01-02 00:00:00+05:30,205.3913043478261
2024-01-03 00:00:00+05:30,222.65217391304347
2024-01-04 00:00:00+05:30,257.7391304347826
2024-01-05 00:00:00+05:30,202.17391304347825
2024-01-06 00:00:00+05:30,197.3913043478261
2024-01-07 00:00:00+05:30,193.6086956521739
2024-01-08 00:00:00+05:30,278.7826086956522
2024-01-09 00:00:00+05:30,160.43478260869566
2024-01-10 00:00:00+05:30,191.91304347826087
2024-01-11 00:00:00+05:30,222.0
2024-01-12 00:00:00+05:30,204.3913043478261
2024-01-13 00:00:00+05:30,464.60869565217394
2024-01-14 00:00:00+05:30,391.95652173913044
2024-01-15 00:00:00+05:30,205.47826086956522
2024-01-16 00:00:00+05:30,261.09090909090907
2024-01-17 00:00:00+05:30,239.65217391304347
2024-01-18 00:00:00+05:30,184.34782608695653
2024-01-19 00:00:00+05:30,200.47826086956522
2024-01-20 00:00:00+05:30,215.1304347826087
2024-01-21 00:00:00+05:30,203.08695652173913
2024-01-22 00:00:00+05:30,227.1304347826087
2024-01-23 00:00:00+05:30,255.6086956521739
2024-01-24 00:00:00+05:30,313.4347826086956
2024-01-25 00:00:00+05:30,232.08695652173913
2024-01-26 00:00:00+05:30,376.82608695652175
2024-01-27 00:00:00+05:30,192.0
2024-01-28 00:00:00+05:30,271.60869565217394
2024-01-29 00:00:00+05:30,234.8695652173913
2024-01-30 00:00:00+05:30,279.9130434782609
2024-01-31 00:00:00+05:30,247.95652173913044
2024-02-01 00:00:00+05:30,37.333333333333336
2024-02-02 00:00:00+05:30,114.73913043478261
2024-02-03 00:00:00+05:30,93.26086956521739
2024-02-04 00:00:00+05:30,139.2608695652174
2024-02-05 00:00:00+05:30,79.91304347826087
2024-02-06 00:00:00+05:30,76.52173913043478
2024-02-07 00:00:00+05:30,81.3913043478261
2024-02-08 00:00:00+05:30,70.91304347826087
2024-02-09 00:00:00+05:30,68.30434782608695
2024-02-10 00:00:00+05:30,179.82608695652175
2024-02-11 00:00:00+05:30,169.17391304347825
2024-02-12 00:00:00+05:30,178.65217391304347
2024-02-13 00:00:00+05:30,229.1304347826087
2024-02-14 00:00:00+05:30,193.65217391304347
2024-02-15 00:00:00+05:30,136.82608695652175
2024-02-16 00:00:00+05:30,126.26086956521739
2024-02-17 00:00:00+05:30,121.73913043478261
2024-02-18 00:00:00+05:30,109.04347826086956
2024-02-19 00:00:00+05:30,99.34782608695652
2024-02-20 00:00:00+05:30,137.2608695652174
2024-02-21 00:00:00+05:30,91.30434782608695
2024-02-22 00:00:00+05:30,58.21739130434783
2024-02-23 00:00:00+05:30,63.130434782608695
2024-02-24 00:00:00+05:30,81.26086956521739
2024-02-25 00:00:00+05:30,76.43478260869566
2024-02-26 00:00:00+05:30,72.43478260869566
2024-02-27 00:00:00+05:30,64.43478260869566
2024-02-28 00:00:00+05:30,63.43478260869565
2024-02-29 00:00:00+05:30,71.30434782608695
2024-03-01 00:00:00+05:30,90.0
2024-03-02 00:00:00+05:30,31.391304347826086
2024-03-03 00:00:00+05:30,51.30434782608695
2024-03-04 00:00:00+05:30,43.78260869565217
2024-03-05 00:00:00+05:30,53.43478260869565
2024-03-06 00:00:00+05:30,66.91304347826087
2024-03-07 00:00:00+05:30,78.82608695652173
2024-03-08 00:00:00+05:30,60.08695652173913
2024-03-09 00:00:00+05:30,58.04347826086956
2024-03-10 00:00:00+05:30,96.70833333333333
2024-03-11 00:00:00+05:30,77.43478260869566
2024-03-12 00:00:00+05:30,78.91304347826087
2024-03-13 00:00:00+05:30,71.43478260869566
2024-03-14 00:00:00+05:30,79.8695652173913
2024-03-15 00:00:00+05:30,39.95652173913044
2024-03-16 00:00:00+05:30,73.04347826086956
2024-03-17 00:00:00+05:30,96.69565217391305
2024-03-18 00:00:00+05:30,102.30434782608695
2024-03-19 00:00:00+05:30,95.91304347826087
2024-03-20 00:00:00+05:30,117.04761904761905
2024-03-21 00:00:00+05:30,73.73684210526316
2024-03-22 00:00:00+05:30,69.0
2024-03-23 00:00:00+05:30,89.2
2024-03-24 00:00:00+05:30,79.8
2024-03-25 00:00:00+05:30,189.33333333333334
2024-03-26 00:00:00+05:30,62.4
2024-03-27 00:00:00+05:30,53.714285714285715
2024-03-28 00:00:00+05:30,59.8
2024-03-29 00:00:00+05:30,61.111111111111114
2024-03-30 00:00:00+05:30,81.5
2024-03-31 00:00:00+05:30,73.875
2024-04-01 00:00:00+05:30,64.33333333333333
2024-04-02 00:00:00+05:30,59.0
2024-04-03 00:00:00+05:30,54.714285714285715
2024-04-04 00:00:00+05:30,42.5
2024-04-05 00:00:00+05:30,
2024-04-06 00:00:00+05:30,
2024-04-07 00:00:00+05:30,
2024-04-08 00:00:00+05:30,
2024-04-09 00:00:00+05:30,58.3
2024-04-10 00:00:00+05:30,82.0
2024-04-11 00:00:00+05:30,77.0
2024-04-12 00:00:00+05:30,86.14285714285714
2024-04-13 00:00:00+05:30,54.42857142857143
2024-04-14 00:00:00+05:30,45.75
2024-04-15 00:00:00+05:30,85.5
2024-04-16 00:00:00+05:30,40.0
2024-04-17 00:00:00+05:30,36.45454545454545
2024-04-18 00:00:00+05:30,60.25
2024-04-19 00:00:00+05:30,46.6
2024-04-20 00:00:00+05:30,
2024-04-21 00:00:00+05:30,17.0
2024-04-22 00:00:00+05:30,38.0
2024-04-23 00:00:00+05:30,47.55555555555556
2024-04-24 00:00:00+05:30,51.35294117647059
2024-04-25 00:00:00+05:30,77.82352941176471
2024-04-26 00:00:00+05:30,53.4375
2024-04-27 00:00:00+05:30,51.55
2024-04-28 00:00:00+05:30,47.875
2024-04-29 00:00:00+05:30,69.45
2024-04-30 00:00:00+05:30,52.0
2024-05-01 00:00:00+05:30,59.8
2024-05-02 00:00:00+05:30,71.88235294117646
2024-05-03 00:00:00+05:30,156.25
2024-05-04 00:00:00+05:30,130.13333333333333
2024-05-05 00:00:00+05:30,130.07142857142858
2024-05-06 00:00:00+05:30,132.0
2024-05-07 00:00:00+05:30,144.9375
2024-05-08 00:00:00+05:30,82.6923076923077
2024-05-09 00:00:00+05:30,57.42857142857143
2024-05-10 00:00:00+05:30,70.88888888888889
2024-05-11 00:00:00+05:30,65.22222222222223
2024-05-12 00:00:00+05:30,75.85714285714286
2024-05-13 00:00:00+05:30,76.25
2024-05-14 00:00:00+05:30,98.92857142857143
2024-05-15 00:00:00+05:30,108.25
2024-05-16 00:00:00+05:30,100.06666666666666
2024-05-17 00:00:00+05:30,82.21428571428571
2024-05-18 00:00:00+05:30,88.5
2024-05-19 00:00:00+05:30,73.83333333333333
2024-05-20 00:00:00+05:30,74.6875
2024-05-21 00:00:00+05:30,79.33333333333333
2024-05-22 00:00:00+05:30,75.85714285714286
2024-05-23 00:00:00+05:30,53.61538461538461
2024-05-24 00:00:00+05:30,50.72222222222222
2024-05-25 00:00:00+05:30,54.53846153846154
2024-05-26 00:00:00+05:30,67.6923076923077
2024-05-27 00:00:00+05:30,80.5625
2024-05-28 00:00:00+05:30,81.9
2024-05-29 00:00:00+05:30,
2024-05-30 00:00:00+05:30,
2024-05-31 00:00:00+05:30,52.214285714285715
2024-06-01 00:00:00+05:30,70.0
2024-06-02 00:00:00+05:30,37.583333333333336
2024-06-03 00:00:00+05:30,48.63636363636363
2024-06-04 00:00:00+05:30,70.92857142857143
2024-06-05 00:00:00+05:30,65.6875
2024-06-06 00:00:00+05:30,57.6
2024-06-07 00:00:00+05:30,109.33333333333333
2024-06-08 00:00:00+05:30,59.833333333333336
2024-06-09 00:00:00+05:30,46.18181818181818
2024-06-10 00:00:00+05:30,41.46153846153846
2024-06-11 00:00:00+05:30,84.0
2024-06-12 00:00:00+05:30,87.5
2024-06-13 00:00:00+05:30,81.0
2024-06-14 00:00:00+05:30,67.73333333333333
2024-06-15 00:00:00+05:30,42.8235294117647
2024-06-16 00:00:00+05:30,75.46666666666667
2024-06-17 00:00:00+05:30,69.375
2024-06-18 00:00:00+05:30,114.29411764705883
2024-06-19 00:00:00+05:30,77.18181818181819
2024-06-20 00:00:00+05:30,45.77272727272727
2024-06-21 00:00:00+05:30,60.91304347826087
2024-06-22 00:00:00+05:30,79.82608695652173
2024-06-23 00:00:00+05:30,55.69565217391305
2024-06-24 00:00:00+05:30,52.375
2024-06-25 00:00:00+05:30,61.291666666666664
2024-06-26 00:00:00+05:30,47.04545454545455
2024-06-27 00:00:00+05:30,27.19047619047619
2024-06-28 00:00:00+05:30,29.043478260869566
2024-06-29 00:00:00+05:30,39.57142857142857
2024-06-30 00:00:00+05:30,47.73913043478261
2024-07-01 00:00:00+05:30,29.91304347826087
2024-07-02 00:00:00+05:30,32.52173913043478
2024-07-03 00:00:00+05:30,30.608695652173914
2024-07-04 00:00:00+05:30,18.5
2024-07-05 00:00:00+05:30,25.136363636363637
2024-07-06 00:00:00+05:30,23.043478260869566
2024-07-07 00:00:00+05:30,7.428571428571429
2024-07-08 00:00:00+05:30,19.954545454545453
2024-07-09 00:00:00+05:30,37.69565217391305
2024-07-10 00:00:00+05:30,51.34782608695652
2024-07-11 00:00:00+05:30,45.56521739130435
2024-07-12 00:00:00+05:30,24.565217391304348
2024-07-13 00:00:00+05:30,35.0
2024-07-14 00:00:00+05:30,43.72727272727273
2024-07-15 00:00:00+05:30,41.17391304347826
2024-07-16 00:00:00+05:30,39.26086956521739
2024-07-17 00:00:00+05:30,32.25
2024-07-18 00:00:00+05:30,39.90909090909091
2024-07-19 00:00:00+05:30,57.25
2024-07-20 00:00:00+05:30,47.526315789473685
2024-07-21 00:00:00+05:30,37.13636363636363
2024-07-22 00:00:00+05:30,34.54545454545455
2024-07-23 00:00:00+05:30,44.40909090909091
2024-07-24 00:00:00+05:30,47.36363636363637
2024-07-25 00:00:00+05:30,34.285714285714285
2024-07-26 00:00:00+05:30,48.75
2024-07-27 00:00:00+05:30,39.59090909090909
2024-07-28 00:00:00+05:30,23.40909090909091
2024-07-29 00:00:00+05:30,26.761904761904763
2024-07-30 00:00:00+05:30,31.545454545454547
2024-07-31 00:00:00+05:30,22.55
2024-08-01 00:00:00+05:30,8.3
2024-08-02 00:00:00+05:30,21.363636363636363
2024-08-03 00:00:00+05:30,14.833333333333334
2024-08-04 00:00:00+05:30,10.916666666666666
2024-08-05 00:00:00+05:30,14.904761904761905
2024-08-06 00:00:00+05:30,12.227272727272727
2024-08-07 00:00:00+05:30,10.91304347826087
2024-08-08 00:00:00+05:30,12.904761904761905
2024-08-09 00:00:00+05:30,18.5
2024-08-10 00:00:00+05:30,23.904761904761905
2024-08-11 00:00:00+05:30,16.2
2024-08-12 00:00:00+05:30,24.0
2024-08-13 00:00:00+05:30,12.090909090909092
2024-08-14 00:00:00+05:30,25.15
2024-08-15 00:00:00+05:30,15.714285714285714
2024-08-16 00:00:00+05:30,12.217391304347826
2024-08-17 00:00:00+05:30,23.954545454545453
2024-08-18 00:00:00+05:30,21.636363636363637
2024-08-19 00:00:00+05:30,19.130434782608695
2024-08-20 00:00:00+05:30,16.52173913043478
2024-08-21 00:00:00+05:30,22.130434782608695
2024-08-22 00:00:00+05:30,21.40909090909091
2024-08-23 00:00:00+05:30,23.0
2024-08-24 00:00:00+05:30,49.91304347826087
2024-08-25 00:00:00+05:30,17.681818181818183
2024-08-26 00:00:00+05:30,20.9
2024-08-27 00:00:00+05:30,15.476190476190476
2024-08-28 00:00:00+05:30,15.130434782608695
2024-08-29 00:00:00+05:30,17.772727272727273
2024-08-30 00:00:00+05:30,34.42857142857143
2024-08-31 00:00:00+05:30,31.666666666666668
2024-09-01 00:00:00+05:30,33.875
2024-09-02 00:00:00+05:30,26.041666666666668
2024-09-03 00:00:00+05:30,22.416666666666668
2024-09-04 00:00:00+05:30,16.5
2024-09-05 00:00:00+05:30,25.083333333333332
2024-09-06 00:00:00+05:30,17.416666666666668
2024-09-07 00:00:00+05:30,23.041666666666668
2024-09-08 00:00:00+05:30,43.69565217391305
2024-09-09 00:00:00+05:30,41.583333333333336
2024-09-10 00:00:00+05:30,38.0
2024-09-11 00:00:00+05:30,27.0
2024-09-12 00:00:00+05:30,11.476190476190476
2024-09-13 00:00:00+05:30,12.142857142857142
2024-09-14 00:00:00+05:30,21.625
2024-09-15 00:00:00+05:30,30.791666666666668
2024-09-16 00:00:00+05:30,38.30434782608695
2024-09-17 00:00:00+05:30,46.958333333333336
2024-09-18 00:00:00+05:30,30.208333333333332
2024-09-19 00:00:00+05:30,25.583333333333332
2024-09-20 00:00:00+05:30,26.416666666666668
2024-09-21 00:00:00+05:30,32.416666666666664
2024-09-22 00:00:00+05:30,61.291666666666664
2024-09-23 00:00:00+05:30,70.29166666666667
2024-09-24 00:00:00+05:30,80.95833333333333
2024-09-25 00:00:00+05:30,72.33333333333333
2024-09-26 00:00:00+05:30,22.91304347826087
2024-09-27 00:00:00+05:30,11.380952380952381
2024-09-28 00:00:00+05:30,16.636363636363637
2024-09-29 00:00:00+05:30,21.958333333333332
2024-09-30 00:00:00+05:30,52.130434782608695
2024-10-01 00:00:00+05:30,59.958333333333336
2024-10-02 00:00:00+05:30,59.458333333333336
2024-10-03 00:00:00+05:30,44.791666666666664
2024-10-04 00:00:00+05:30,51.04347826086956
2024-10-05 00:00:00+05:30,34.916666666666664
2024-10-06 00:00:00+05:30,39.083333333333336
2024-10-07 00:00:00+05:30,43.208333333333336
2024-10-08 00:00:00+05:30,60.041666666666664
2024-10-09 00:00:00+05:30,60.916666666666664
2024-10-10 00:00:00+05:30,43.5
2024-10-11 00:00:00+05:30,55.458333333333336
2024-10-12 00:00:00+05:30,60.30434782608695
2024-10-13 00:00:00+05:30,86.875
2024-10-14 00:00:00+05:30,89.70833333333333
2024-10-15 00:00:00+05:30,75.66666666666667
2024-10-16 00:00:00+05:30,92.75
2024-10-17 00:00:00+05:30,111.25
2024-10-18 00:00:00+05:30,97.625
2024-10-19 00:00:00+05:30,100.29166666666667
2024-10-20 00:00:00+05:30,121.5
2024-10-21 00:00:00+05:30,131.58333333333334
2024-10-22 00:00:00+05:30,136.375
2024-10-23 00:00:00+05:30,192.08333333333334
2024-10-24 00:00:00+05:30,132.41666666666666
2024-10-25 00:00:00+05:30,111.54166666666667
2024-10-26 00:00:00+05:30,132.66666666666666
2024-10-27 00:00:00+05:30,159.63636363636363
2024-10-28 00:00:00+05:30,116.04166666666667
2024-10-29 00:00:00+05:30,97.65217391304348
2024-10-30 00:00:00+05:30,129.125
2024-10-31 00:00:00+05:30,175.58333333333334
2024-11-01 00:00:00+05:30,114.17647058823529
2024-11-02 00:00:00+05:30,180.41666666666666
2024-11-03 00:00:00+05:30,207.56521739130434
2024-11-04 00:00:00+05:30,219.33333333333334
2024-11-05 00:00:00+05:30,173.2608695652174
2024-11-06 00:00:00+05:30,165.45833333333334
2024-11-07 00:00:00+05:30,207.1304347826087
2024-11-08 00:00:00+05:30,179.79166666666666
2024-11-09 00:00:00+05:30,163.875
2024-11-10 00:00:00+05:30,157.54166666666666
2024-11-11 00:00:00+05:30,165.1904761904762
2024-11-12 00:00:00+05:30,163.0
2024-11-13 00:00:00+05:30,394.1666666666667
2024-11-14 00:00:00+05:30,294.75
2024-11-15 00:00:00+05:30,243.66666666666666
2024-11-16 00:00:00+05:30,324.7083333333333
2024-11-17 00:00:00+05:30,458.60869565217394
2024-11-18 00:00:00+05:30,662.75
2024-11-19 00:00:00+05:30,320.8333333333333
2024-11-20 00:00:00+05:30,259.625
2024-11-21 00:00:00+05:30,187.83333333333334
2024-11-22 00:00:00+05:30,262.6666666666667
2024-11-23 00:00:00+05:30,209.625
2024-11-24 00:00:00+05:30,136.08333333333334
2024-11-25 00:00:00+05:30,257.4166666666667
2024-11-26 00:00:00+05:30,154.52173913043478
2024-11-27 00:00:00+05:30,148.91666666666666
2024-11-28 00:00:00+05:30,169.95833333333334
2024-11-29 00:00:00+05:30,191.5
2024-11-30 00:00:00+05:30,188.29166666666666
2024-12-01 00:00:00+05:30,151.91666666666666
2024-12-02 00:00:00+05:30,135.625
2024-12-03 00:00:00+05:30,120.125
2024-12-04 00:00:00+05:30,83.41666666666667
2024-12-05 00:00:00+05:30,81.08333333333333
2024-12-06 00:00:00+05:30,92.66666666666667
2024-12-07 00:00:00+05:30,109.375
2024-12-08 00:00:00+05:30,148.41666666666666
2024-12-09 00:00:00+05:30,95.04166666666667
2024-12-10 00:00:00+05:30,109.54166666666667
2024-12-11 00:00:00+05:30,114.91666666666667
2024-12-12 00:00:00+05:30,167.54166666666666
2024-12-13 00:00:00+05:30,122.66666666666667
2024-12-14 00:00:00+05:30,100.83333333333333
2024-12-15 00:00:00+05:30,176.41666666666666
2024-12-16 00:00:00+05:30,266.82608695652175
2024-12-17 00:00:00+05:30,291.0416666666667
2024-12-18 00:00:00+05:30,374.9583333333333
2024-12-19 00:00:00+05:30,302.0416666666667
2024-12-20 00:00:00+05:30,332.9583333333333
2024-12-21 00:00:00+05:30,223.47826086956522
2024-12-22 00:00:00+05:30,288.8333333333333
2024-12-23 00:00:00+05:30,276.0
2024-12-24 00:00:00+05:30,192.70833333333334
2024-12-25 00:00:00+05:30,209.41666666666666
2024-12-26 00:00:00+05:30,211.82608695652175
2024-12-27 00:00:00+05:30,156.91666666666666
2024-12-28 00:00:00+05:30,88.0
2024-12-29 00:00:00+05:30,111.0
2024-12-30 00:00:00+05:30,112.8695652173913
2024-12-31 00:00:00+05:30,174.41666666666666
2025-01-01 00:00:00+05:30,216.91666666666666
2025-01-02 00:00:00+05:30,198.75
2025-01-03 00:00:00+05:30,262.0
2025-01-04 00:00:00+05:30,276.3333333333333
2025-01-05 00:00:00+05:30,260.3333333333333
2025-01-06 00:00:00+05:30,
2025-01-07 00:00:00+05:30,
2025-01-08 00:00:00+05:30,126.58333333333333
2025-01-09 00:00:00+05:30,258.8333333333333
2025-01-10 00:00:00+05:30,258.2173913043478
2025-01-11 00:00:00+05:30,170.08333333333334
2025-01-12 00:00:00+05:30,152.58333333333334
2025-01-13 00:00:00+05:30,125.25
2025-01-14 00:00:00+05:30,154.95833333333334
2025-01-15 00:00:00+05:30,269.1666666666667
2025-01-16 00:00:00+05:30,153.04347826086956
2025-01-17 00:00:00+05:30,154.91304347826087
2025-01-18 00:00:00+05:30,162.04166666666666
2025-01-19 00:00:00+05:30,217.04347826086956
2025-01-20 00:00:00+05:30,174.9
2025-01-21 00:00:00+05:30,135.45833333333334
2025-01-22 00:00:00+05:30,119.95833333333333
2025-01-23 00:00:00+05:30,118.0
2025-01-24 00:00:00+05:30,90.375
2025-01-25 00:00:00+05:30,72.25
2025-01-26 00:00:00+05:30,85.20833333333333
2025-01-27 00:00:00+05:30,112.29166666666667
2025-01-28 00:00:00+05:30,115.0
2025-01-29 00:00:00+05:30,227.79166666666666
2025-01-30 00:00:00+05:30,181.3913043478261
2025-01-31 00:00:00+05:30,180.4
2025-02-01 00:00:00+05:30,222.875
2025-02-02 00:00:00+05:30,184.56521739130434
2025-02-03 00:00:00+05:30,112.75
2025-02-04 00:00:00+05:30,153.75
2025-02-05 00:00:00+05:30,111.41666666666667
2025-02-06 00:00:00+05:30,93.58333333333333
2025-02-07 00:00:00+05:30,68.33333333333333
2025-02-08 00:00:00+05:30,74.54166666666667
2025-02-09 00:00:00+05:30,105.125
2025-02-10 00:00:00+05:30,127.625
2025-02-11 00:00:00+05:30,121.875
2025-02-12 00:00:00+05:30,79.875
2025-02-13 00:00:00+05:30,57.869565217391305
2025-02-14 00:00:00+05:30,60.458333333333336
2025-02-15 00:00:00+05:30,86.29166666666667
2025-02-16 00:00:00+05:30,146.20833333333334
2025-02-17 00:00:00+05:30,92.41666666666667
2025-02-18 00:00:00+05:30,82.08333333333333
2025-02-19 00:00:00+05:30,79.08333333333333
2025-02-20 00:00:00+05:30,52.291666666666664
2025-02-21 00:00:00+05:30,84.16666666666667
2025-02-22 00:00:00+05:30,63.625
2025-02-23 00:00:00+05:30,65.17391304347827
2025-02-24 00:00:00+05:30,83.95833333333333
2025-02-25 00:00:00+05:30,87.83333333333333
2025-02-26 00:00:00+05:30,106.83333333333333
2025-02-27 00:00:00+05:30,65.625
2025-02-28 00:00:00+05:30,52.904761904761905
2025-03-01 00:00:00+05:30,57.083333333333336
2025-03-02 00:00:00+05:30,45.0
2025-03-03 00:00:00+05:30,59.791666666666664
2025-03-04 00:00:00+05:30,50.708333333333336
2025-03-05 00:00:00+05:30,30.291666666666668
2025-03-06 00:00:00+05:30,44.625
2025-03-07 00:00:00+05:30,91.125
2025-03-08 00:00:00+05:30,68.91666666666667
2025-03-09 00:00:00+05:30,80.875
2025-03-10 00:00:00+05:30,88.08333333333333
2025-03-11 00:00:00+05:30,99.75
2025-03-12 00:00:00+05:30,97.875
2025-03-13 00:00:00+05:30,79.25
2025-03-14 00:00:00+05:30,72.625
2025-03-15 00:00:00+05:30,27.125
2025-03-16 00:00:00+05:30,44.958333333333336
2025-03-17 00:00:00+05:30,53.041666666666664
2025-03-18 00:00:00+05:30,59.541666666666664
2025-03-19 00:00:00+05:30,73.54166666666667
2025-03-20 00:00:00+05:30,51.125
2025-03-21 00:00:00+05:30,69.83333333333333
2025-03-22 00:00:00+05:30,60.75
2025-03-23 00:00:00+05:30,63.25
2025-03-24 00:00:00+05:30,70.33333333333333
2025-03-25 00:00:00+05:30,88.66666666666667
2025-03-26 00:00:00+05:30,82.45833333333333
2025-03-27 00:00:00+05:30,74.375
2025-03-28 00:00:00+05:30,55.833333333333336
2025-03-29 00:00:00+05:30,37.041666666666664
2025-03-30 00:00:00+05:30,40.75
2025-03-31 00:00:00+05:30,76.16666666666667
2025-04-01 00:00:00+05:30,71.20833333333333
2025-04-02 00:00:00+05:30,96.79166666666667
2025-04-03 00:00:00+05:30,61.166666666666664
2025-04-04 00:00:00+05:30,66.04166666666667
2025-04-05 00:00:00+05:30,61.458333333333336
2025-04-06 00:00:00+05:30,76.16666666666667
2025-04-07 00:00:00+05:30,86.66666666666667
2025-04-08 00:00:00+05:30,92.70833333333333
2025-04-09 00:00:00+05:30,96.41666666666667
2025-04-10 00:00:00+05:30,70.0
2025-04-11 00:00:00+05:30,46.791666666666664
2025-04-12 00:00:00+05:30,47.875
2025-04-13 00:00:00+05:30,52.125
2025-04-14 00:00:00+05:30,67.25
2025-04-15 00:00:00+05:30,63.333333333333336
2025-04-16 00:00:00+05:30,82.08333333333333
2025-04-17 00:00:00+05:30,67.54166666666667
2025-04-18 00:00:00+05:30,89.66666666666667
2025-04-19 00:00:00+05:30,52.833333333333336
2025-04-20 00:00:00+05:30,51.041666666666664
2025-04-21 00:00:00+05:30,69.33333333333333
2025-04-22 00:00:00+05:30,80.83333333333333
2025-04-23 00:00:00+05:30,70.70833333333333
2025-04-24 00:00:00+05:30,92.25
2025-04-25 00:00:00+05:30,85.29166666666667
2025-04-26 00:00:00+05:30,117.33333333333333
2025-04-27 00:00:00+05:30,88.75
2025-04-28 00:00:00+05:30,155.91666666666666
2025-04-29 00:00:00+05:30,87.29166666666667
2025-04-30 00:00:00+05:30,86.45833333333333
2025-05-01 00:00:00+05:30,78.25
2025-05-02 00:00:00+05:30,40.166666666666664
2025-05-03 00:00:00+05:30,67.66666666666667
2025-05-04 00:00:00+05:30,82.625
2025-05-05 00:00:00+05:30,37.041666666666664
2025-05-06 00:00:00+05:30,50.625
2025-05-07 00:00:00+05:30,51.833333333333336
2025-05-08 00:00:00+05:30,68.70833333333333
2025-05-09 00:00:00+05:30,74.4
2025-05-10 00:00:00+05:30,
2025-05-11 00:00:00+05:30,42.15384615384615
2025-05-12 00:00:00+05:30,43.916666666666664
2025-05-13 00:00:00+05:30,27.333333333333332
2025-05-14 00:00:00+05:30,49.666666666666664
2025-05-15 00:00:00+05:30,225.16666666666666
2025-05-16 00:00:00+05:30,82.5
2025-05-17 00:00:00+05:30,36.833333333333336
2025-05-18 00:00:00+05:30,55.166666666666664
2025-05-19 00:00:00+05:30,74.08333333333333
2025-05-20 00:00:00+05:30,71.04166666666667
2025-05-21 00:00:00+05:30,61.583333333333336
2025-05-22 00:00:00+05:30,24.625
2025-05-23 00:00:00+05:30,40.458333333333336
2025-05-24 00:00:00+05:30,53.25
2025-05-25 00:00:00+05:30,24.333333333333332
2025-05-26 00:00:00+05:30,46.791666666666664
2025-05-27 00:00:00+05:30,43.666666666666664
2025-05-28 00:00:00+05:30,53.083333333333336
2025-05-29 00:00:00+05:30,51.708333333333336
2025-05-30 00:00:00+05:30,57.375
2025-05-31 00:00:00+05:30,64.5
2025-06-01 00:00:00+05:30,46.333333333333336
2025-06-02 00:00:00+05:30,40.125
2025-06-03 00:00:00+05:30,38.0
2025-06-04 00:00:00+05:30,48.625
2025-06-05 00:00:00+05:30,42.916666666666664
2025-06-06 00:00:00+05:30,40.041666666666664
2025-06-07 00:00:00+05:30,59.25
2025-06-08 00:00:00+05:30,60.416666666666664
2025-06-09 00:00:00+05:30,64.66666666666667
2025-06-10 00:00:00+05:30,54.375
2025-06-11 00:00:00+05:30,71.29166666666667
2025-06-12 00:00:00+05:30,68.75
2025-06-13 00:00:00+05:30,55.625
2025-06-14 00:00:00+05:30,58.25
2025-06-15 00:00:00+05:30,39.666666666666664
2025-06-16 00:00:00+05:30,41.125
2025-06-17 00:00:00+05:30,33.375
2025-06-18 00:00:00+05:30,39.333333333333336
2025-06-19 00:00:00+05:30,32.125
2025-06-20 00:00:00+05:30,26.375
2025-06-21 00:00:00+05:30,29.166666666666668
2025-06-22 00:00:00+05:30,32.625
2025-06-23 00:00:00+05:30,40.083333333333336
2025-06-24 00:00:00+05:30,41.375
2025-06-25 00:00:00+05:30,54.166666666666664
2025-06-26 00:00:00+05:30,29.541666666666668
2025-06-27 00:00:00+05:30,21.791666666666668
2025-06-28 00:00:00+05:30,25.5
2025-06-29 00:00:00+05:30,35.166666666666664
2025-06-30 00:00:00+05:30,27.875
2025-07-01 00:00:00+05:30,26.708333333333332
2025-07-02 00:00:00+05:30,25.125
2025-07-03 00:00:00+05:30,26.791666666666668
2025-07-04 00:00:00+05:30,26.625
2025-07-05 00:00:00+05:30,30.75
2025-07-06 00:00:00+05:30,28.458333333333332
2025-07-07 00:00:00+05:30,16.583333333333332
2025-07-08 00:00:00+05:30,28.166666666666668
2025-07-09 00:00:00+05:30,13.333333333333334
2025-07-10 00:00:00+05:30,12.875
2025-07-11 00:00:00+05:30,28.375
2025-07-12 00:00:00+05:30,31.416666666666668
2025-07-13 00:00:00+05:30,28.25
2025-07-14 00:00:00+05:30,18.166666666666668
2025-07-15 00:00:00+05:30,15.583333333333334
2025-07-16 00:00:00+05:30,24.458333333333332
2025-07-17 00:00:00+05:30,19.583333333333332
2025-07-18 00:00:00+05:30,21.666666666666668
2025-07-19 00:00:00+05:30,17.75
2025-07-20 00:00:00+05:30,21.125
2025-07-21 00:00:00+05:30,30.75
2025-07-22 00:00:00+05:30,31.916666666666668
2025-07-23 00:00:00+05:30,16.333333333333332
2025-07-24 00:00:00+05:30,27.125
2025-07-25 00:00:00+05:30,33.458333333333336
2025-07-26 00:00:00+05:30,23.375
2025-07-27 00:00:00+05:30,24.75
2025-07-28 00:00:00+05:30,32.083333333333336
2025-07-29 00:00:00+05:30,17.833333333333332
2025-07-30 00:00:00+05:30,19.125
2025-07-31 00:00:00+05:30,15.041666666666666
2025-08-01 00:00:00+05:30,16.041666666666668
2025-08-02 00:00:00+05:30,22.583333333333332
2025-08-03 00:00:00+05:30,24.291666666666668
2025-08-04 00:00:00+05:30,25.75
2025-08-05 00:00:00+05:30,23.541666666666668
2025-08-06 00:00:00+05:30,26.791666666666668
2025-08-07 00:00:00+05:30,23.166666666666668
2025-08-08 00:00:00+05:30,25.125
2025-08-09 00:00:00+05:30,16.958333333333332
2025-08-10 00:00:00+05:30,29.875
2025-08-11 00:00:00+05:30,26.333333333333332
2025-08-12 00:00:00+05:30,28.791666666666668
2025-08-13 00:00:00+05:30,31.5
2025-08-14 00:00:00+05:30,18.0
2025-08-15 00:00:00+05:30,40.083333333333336
2025-08-16 00:00:00+05:30,42.666666666666664
2025-08-17 00:00:00+05:30,29.0
2025-08-18 00:00:00+05:30,30.25
2025-08-19 00:00:00+05:30,24.833333333333332
2025-08-20 00:00:00+05:30,20.666666666666668
2025-08-21 00:00:00+05:30,23.708333333333332
2025-08-22 00:00:00+05:30,41.291666666666664
2025-08-23 00:00:00+05:30,25.5
2025-08-24 00:00:00+05:30,22.875
2025-08-25 00:00:00+05:30,19.25
2025-08-26 00:00:00+05:30,11.166666666666666
2025-08-27 00:00:00+05:30,26.041666666666668
2025-08-28 00:00:00+05:30,44.083333333333336
2025-08-29 00:00:00+05:30,34.708333333333336
2025-08-30 00:00:00+05:30,22.291666666666668
2025-08-31 00:00:00+05:30,20.958333333333332
2025-09-01 00:00:00+05:30,9.478260869565217
2025-09-02 00:00:00+05:30,9.25
2025-09-03 00:00:00+05:30,15.166666666666666
2025-09-04 00:00:00+05:30,18.375
2025-09-05 00:00:00+05:30,21.625
2025-09-06 00:00:00+05:30,25.625
2025-09-07 00:00:00+05:30,24.25
2025-09-08 00:00:00+05:30,18.666666666666668
2025-09-09 00:00:00+05:30,19.875
2025-09-10 00:00:00+05:30,19.416666666666668
2025-09-11 00:00:00+05:30,21.041666666666668
2025-09-12 00:00:00+05:30,21.916666666666668
2025-09-13 00:00:00+05:30,21.833333333333332
2025-09-14 00:00:00+05:30,28.458333333333332
2025-09-15 00:00:00+05:30,26.208333333333332
2025-09-16 00:00:00+05:30,30.375
2025-09-17 00:00:00+05:30,41.666666666666664
2025-09-18 00:00:00+05:30,43.958333333333336
2025-09-19 00:00:00+05:30,43.333333333333336
2025-09-20 00:00:00+05:30,34.708333333333336
2025-09-21 00:00:00+05:30,32.916666666666664
2025-09-22 00:00:00+05:30,32.208333333333336
2025-09-23 00:00:00+05:30,27.75
2025-09-24 00:00:00+05:30,27.625
2025-09-25 00:00:00+05:30,28.125
2025-09-26 00:00:00+05:30,29.583333333333332
2025-09-27 00:00:00+05:30,56.333333333333336
2025-09-28 00:00:00+05:30,31.125
2025-09-29 00:00:00+05:30,34.041666666666664
2025-09-30 00:00:00+05:30,35.291666666666664
2025-10-01 00:00:00+05:30,39.291666666666664
2025-10-02 00:00:00+05:30,37.583333333333336
2025-10-03 00:00:00+05:30,26.291666666666668
2025-10-04 00:00:00+05:30,56.5
2025-10-05 00:00:00+05:30,57.791666666666664
2025-10-06 00:00:00+05:30,25.125
2025-10-07 00:00:00+05:30,19.083333333333332
2025-10-08 00:00:00+05:30,36.541666666666664
2025-10-09 00:00:00+05:30,42.333333333333336
2025-10-10 00:00:00+05:30,64.79166666666667
2025-10-11 00:00:00+05:30,68.95833333333333
2025-10-12 00:00:00+05:30,63.333333333333336
2025-10-13 00:00:00+05:30,72.0
2025-10-14 00:00:00+05:30,75.83333333333333
2025-10-15 00:00:00+05:30,75.04347826086956
2025-10-16 00:00:00+05:30,87.58333333333333
2025-10-17 00:00:00+05:30,100.25
2025-10-18 00:00:00+05:30,111.125
2025-10-19 00:00:00+05:30,125.625
2025-10-20 00:00:00+05:30,183.16666666666666
2025-10-21 00:00:00+05:30,127.14285714285714
2025-10-22 00:00:00+05:30,200.45833333333334
2025-10-23 00:00:00+05:30,125.33333333333333
2025-10-24 00:00:00+05:30,105.125
2025-10-25 00:00:00+05:30,114.95454545454545
2025-10-26 00:00:00+05:30,122.04166666666667
2025-10-27 00:00:00+05:30,135.66666666666666
2025-10-28 00:00:00+05:30,129.0
2025-10-29 00:00:00+05:30,146.375
2025-10-30 00:00:00+05:30,192.375
2025-10-31 00:00:00+05:30,92.78260869565217
2025-11-01 00:00:00+05:30,209.58333333333334
2025-11-02 00:00:00+05:30,178.75
2025-11-03 00:00:00+05:30,124.83333333333333
2025-11-04 00:00:00+05:30,100.16666666666667
2025-11-05 00:00:00+05:30,95.20833333333333
2025-11-06 00:00:00+05:30,194.20833333333334
2025-11-07 00:00:00+05:30,213.95454545454547
2025-11-08 00:00:00+05:30,247.04166666666666
2025-11-09 00:00:00+05:30,215.79166666666666
2025-11-10 00:00:00+05:30,270.3333333333333
2025-11-11 00:00:00+05:30,298.75
2025-11-12 00:00:00+05:30,329.5416666666667
2025-11-13 00:00:00+05:30,288.8181818181818
2025-11-14 00:00:00+05:30,230.35294117647058
2025-11-15 00:00:00+05:30,
2025-11-16 00:00:00+05:30,169.85714285714286
2025-11-17 00:00:00+05:30,154.0
2025-11-18 00:00:00+05:30,204.83333333333334
2025-11-19 00:00:00+05:30,239.16666666666666
2025-11-20 00:00:00+05:30,232.5
2025-11-21 00:00:00+05:30,163.125
2025-11-22 00:00:00+05:30,179.16666666666666
2025-11-23 00:00:00+05:30,217.66666666666666
2025-11-24 00:00:00+05:30,224.125
2025-11-25 00:00:00+05:30,192.75
2025-11-26 00:00:00+05:30,167.79166666666666
2025-11-27 00:00:00+05:30,218.66666666666666
2025-11-28 00:00:00+05:30,220.33333333333334
2025-11-29 00:00:00+05:30,146.75
2025-11-30 00:00:00+05:30,155.375
2025-12-01 00:00:00+05:30,190.0
